trend_window,d_threshold,r2_threshold,ema_window,m,M,r,k1,k2,r2_floor,mean_ann_ret,win_rate,total_trades
40,0.001,0.5,20,0.5,10,3,2.0,3.0,0.3,0.025026710727784014,0.44554455445544555,101
40,0.001,0.5,20,0.5,5,3,2.0,3.0,0.3,0.024750043282856387,0.45555555555555555,90
40,0.001,0.5,20,0.5,10,3,2.0,3.0,0.4,0.02334601534654896,0.42574257425742573,101
40,0.001,0.5,20,0.5,5,3,2.0,3.0,0.4,0.022238268424987787,0.43333333333333335,90
40,0.001,0.5,20,0.5,10,3,2.0,2.5,0.3,0.021353972693302834,0.47115384615384615,104
40,0.001,0.5,20,0.5,10,3,2.0,2.5,0.4,0.02038649292526356,0.4519230769230769,104
40,0.001,0.6,20,0.5,10,3,2.0,2.5,0.3,0.02008194384100169,0.5375,80
40,0.003,0.5,20,0.5,5,3,2.0,3.0,0.3,0.019585476003901776,0.40298507462686567,67
40,0.001,0.5,20,0.5,5,3,2.0,2.5,0.3,0.01875840223371719,0.4731182795698925,93
40,0.001,0.6,20,0.5,10,3,2.0,2.5,0.4,0.017383006792846458,0.5,80
40,0.003,0.5,20,0.5,10,3,2.0,3.0,0.3,0.017363690154391247,0.38961038961038963,77
40,0.001,0.5,20,0.5,5,3,2.0,2.5,0.4,0.017047472655575675,0.45161290322580644,93
60,0.001,0.5,20,0.5,10,3,2.0,3.0,0.3,0.01686960779487196,0.4322033898305085,118
40,0.003,0.5,20,0.5,5,3,2.0,3.0,0.4,0.01598759476176581,0.3880597014925373,67
60,0.001,0.5,20,0.5,10,3,2.0,3.0,0.4,0.015908085331863435,0.4406779661016949,118
40,0.001,0.6,20,0.5,10,3,2.0,3.0,0.3,0.015746938647482642,0.4936708860759494,79
40,0.001,0.5,20,0.5,10,3,2.0,2.0,0.4,0.015702922277019478,0.44036697247706424,109
40,0.001,0.5,30,0.5,5,3,2.0,2.5,0.3,0.01462978124930698,0.4444444444444444,45
40,0.003,0.5,20,0.5,10,3,2.0,3.0,0.4,0.014573872543329683,0.37662337662337664,77
40,0.001,0.6,30,0.5,10,3,2.0,2.5,0.3,0.014426394904911821,0.5428571428571428,35
40,0.001,0.6,20,0.5,5,3,2.0,2.5,0.3,0.014324883558985325,0.5303030303030303,66
40,0.003,0.6,20,0.5,10,3,2.0,2.5,0.3,0.01402599527482361,0.5,64
40,0.001,0.6,30,0.5,10,3,2.0,3.0,0.3,0.014011057636370498,0.5142857142857142,35
60,0.001,0.5,30,0.5,10,3,2.0,3.0,0.3,0.013974013455887065,0.43209876543209874,81
40,0.001,0.5,20,0.5,5,3,2.0,2.0,0.4,0.013846765558716938,0.44329896907216493,97
40,0.001,0.6,20,0.5,5,3,2.0,3.0,0.3,0.013797048257368764,0.49230769230769234,65
40,0.001,0.5,30,0.5,5,3,2.0,3.0,0.3,0.013470174500972494,0.4444444444444444,45
60,0.001,0.5,20,0.5,10,3,2.0,2.5,0.3,0.012875021652090042,0.4251968503937008,127
60,0.001,0.5,20,0.5,10,3,2.0,2.5,0.4,0.012805293018629735,0.4330708661417323,127
40,0.003,0.5,20,0.5,10,3,2.0,2.5,0.3,0.012659848196410048,0.43037974683544306,79
40,0.003,0.6,20,0.5,5,3,2.0,3.0,0.3,0.012632231942434038,0.46296296296296297,54
40,0.001,0.6,20,0.5,10,3,2.0,3.0,0.4,0.012536994609407085,0.45569620253164556,79
40,0.003,0.5,20,0.5,5,3,2.0,2.5,0.3,0.012422055466966434,0.43478260869565216,69
40,0.003,0.6,20,0.5,5,3,2.0,2.5,0.3,0.012362870024569558,0.4909090909090909,55
40,0.001,0.6,30,0.5,5,3,2.0,2.5,0.3,0.012144244382836776,0.5185185185185185,27
60,0.001,0.6,30,0.5,10,3,2.0,3.0,0.3,0.012011721273580375,0.4153846153846154,65
40,0.001,0.5,30,0.5,10,3,2.0,2.5,0.3,0.011992119014379379,0.41818181818181815,55
40,0.001,0.6,30,0.5,5,3,2.0,3.0,0.3,0.011922959122113485,0.5185185185185185,27
60,0.001,0.5,30,0.5,10,3,2.0,3.0,0.4,0.011809869811776971,0.4444444444444444,81
40,0.003,0.6,30,0.5,10,3,2.0,2.5,0.3,0.011685281472637206,0.46153846153846156,26
40,0.003,0.6,30,0.5,10,3,2.0,3.0,0.3,0.01162938604188293,0.4230769230769231,26
40,0.001,0.5,30,0.5,10,3,2.0,3.0,0.3,0.01156466689950465,0.4,55
40,0.001,0.6,20,0.5,10,3,2.0,2.0,0.4,0.011564315795138391,0.4470588235294118,85
40,0.003,0.6,20,0.5,10,3,2.0,3.0,0.3,0.011498528300519487,0.4603174603174603,63
40,0.001,0.5,20,1.0,10,3,2.0,3.0,0.4,0.011420510256594272,0.5384615384615384,39
60,0.001,0.6,20,0.5,10,3,2.0,3.0,0.3,0.011406336465770753,0.4095238095238095,105
40,0.001,0.5,20,0.5,10,3,2.0,2.0,0.3,0.011309627201390084,0.43119266055045874,109
40,0.001,0.6,20,0.5,5,3,2.0,2.5,0.4,0.011294642048232014,0.48484848484848486,66
40,0.003,0.6,30,0.5,5,3,2.0,2.5,0.3,0.011245083713491064,0.45,20
60,0.001,0.6,30,0.5,10,3,2.0,3.0,0.4,0.011057881709855062,0.4153846153846154,65
40,0.003,0.6,30,0.5,5,3,2.0,3.0,0.3,0.011033556140685415,0.45,20
60,0.001,0.6,20,0.5,10,3,2.0,3.0,0.4,0.010749742665494456,0.4095238095238095,105
40,0.003,0.5,20,0.5,10,3,2.0,2.5,0.4,0.010593238825244112,0.4177215189873418,79
40,0.001,0.5,20,1.0,10,3,2.0,2.5,0.4,0.010558674374738909,0.5384615384615384,39
40,0.003,0.6,20,0.5,10,3,2.0,2.5,0.4,0.010502191124213085,0.46875,64
40,0.001,0.5,20,1.0,5,3,2.0,2.5,0.4,0.010363311552026534,0.5428571428571428,35
40,0.001,0.5,30,0.5,5,3,2.0,2.5,0.4,0.010325096780801044,0.4,45
40,0.001,0.6,20,0.5,5,3,2.0,2.0,0.4,0.010284386033967073,0.45714285714285713,70
40,0.001,0.5,20,0.5,5,3,2.0,2.0,0.3,0.010282469272569705,0.44329896907216493,97
40,0.001,0.6,20,0.5,5,3,2.0,3.0,0.4,0.010186914556666364,0.4461538461538462,65
40,0.001,0.5,20,1.0,5,3,2.0,3.0,0.4,0.010184677013238762,0.5428571428571428,35
60,0.001,0.5,20,1.0,10,3,2.0,3.0,0.3,0.010098387622682904,0.4225352112676056,71
60,0.001,0.6,20,0.5,10,3,2.0,2.5,0.4,0.00986028652716395,0.42342342342342343,111
40,0.003,0.5,20,0.5,5,3,2.0,2.5,0.4,0.009635291732450714,0.42028985507246375,69
60,0.001,0.5,20,1.0,10,3,2.0,3.0,0.4,0.009572971168313559,0.43661971830985913,71
40,0.001,0.6,20,1.0,10,3,2.0,3.0,0.4,0.009547083348215833,0.5625,32
40,0.003,0.5,20,0.5,5,3,2.0,2.0,0.4,0.009448250093518216,0.4305555555555556,72
60,0.001,0.5,30,0.5,10,3,2.0,2.5,0.3,0.009436905926542179,0.40963855421686746,83
40,0.001,0.6,30,0.5,10,3,2.0,2.5,0.4,0.009406645168290028,0.5142857142857142,35
40,0.003,0.5,30,0.5,5,3,2.0,2.5,0.3,0.009304500990869744,0.3548387096774194,31
60,0.001,0.5,30,0.5,10,3,2.0,2.5,0.4,0.009259112443808911,0.42168674698795183,83
40,0.001,0.5,30,0.5,5,3,2.0,3.0,0.4,0.009125475504972657,0.4,45
40,0.003,0.5,30,0.5,5,3,2.0,3.0,0.3,0.009104406821173971,0.3548387096774194,31
40,0.001,0.6,30,0.5,10,3,2.0,3.0,0.4,0.00907110661165094,0.4857142857142857,35
40,0.001,0.5,20,1.0,10,3,2.0,3.0,0.3,0.00895679389202871,0.48717948717948717,39
40,0.003,0.5,20,0.5,10,3,2.0,2.0,0.4,0.008899373132450828,0.40963855421686746,83
40,0.003,0.6,20,0.5,5,3,2.0,2.0,0.4,0.00880469354350455,0.4482758620689655,58
40,0.001,0.6,20,1.0,10,3,2.0,2.5,0.4,0.008683223231622838,0.5625,32
60,0.001,0.6,30,0.5,10,3,2.0,2.5,0.4,0.008654731072845694,0.42424242424242425,66
60,0.001,0.6,20,0.5,10,3,2.0,2.5,0.3,0.008632626264092867,0.4144144144144144,111
40,0.003,0.5,30,0.5,10,3,2.0,2.5,0.3,0.008565864313585957,0.358974358974359,39
40,0.003,0.6,20,0.5,5,3,2.0,2.5,0.4,0.00855355918934158,0.45454545454545453,55
40,0.003,0.5,30,0.5,10,3,2.0,3.0,0.3,0.008506699252739046,0.3333333333333333,39
60,0.001,0.5,20,0.5,5,3,2.0,3.0,0.3,0.00842332456924714,0.42990654205607476,107
40,0.001,0.5,30,0.5,10,3,2.0,2.5,0.4,0.008400782426428931,0.4,55
40,0.003,0.6,20,0.5,10,3,2.0,2.0,0.4,0.008356905983741158,0.4264705882352941,68
40,0.003,0.6,20,0.5,5,3,2.0,3.0,0.4,0.008246210445489097,0.42592592592592593,54
40,0.001,0.6,20,0.5,10,3,2.0,2.0,0.3,0.008191570423060401,0.43529411764705883,85
40,0.001,0.5,30,0.5,10,3,2.0,3.0,0.4,0.008051278309396052,0.38181818181818183,55
40,0.001,0.5,20,1.0,10,3,2.0,2.5,0.3,0.008016974293760458,0.48717948717948717,39
40,0.001,0.5,20,1.0,5,3,2.0,3.0,0.3,0.007833054176974405,0.4857142857142857,35
60,0.001,0.6,20,1.0,10,3,2.0,3.0,0.3,0.007831634896310126,0.41379310344827586,58
40,0.001,0.5,20,1.0,5,3,2.0,2.5,0.3,0.007822531091232258,0.4857142857142857,35
40,0.001,0.6,20,1.0,10,3,2.0,3.0,0.3,0.00774939209417168,0.53125,32
60,0.001,0.6,30,0.5,10,3,2.0,2.5,0.3,0.007657162371322178,0.4090909090909091,66
40,0.003,0.6,20,0.5,10,3,2.0,3.0,0.4,0.007480168429647629,0.42857142857142855,63
60,0.001,0.6,20,1.0,10,3,2.0,3.0,0.4,0.007458709666422443,0.41379310344827586,58
60,0.001,0.5,20,0.5,5,3,2.0,3.0,0.4,0.007446673849931917,0.42990654205607476,107
40,0.001,0.6,20,0.5,5,3,2.0,2.0,0.3,0.007335684699778818,0.45714285714285713,70
40,0.001,0.5,20,1.0,10,3,2.0,2.0,0.4,0.007201180431306649,0.46153846153846156,39
40,0.001,0.5,20,1.0,5,3,2.0,2.0,0.4,0.0071858455286766265,0.45714285714285713,35
40,0.003,0.6,20,1.0,10,3,2.0,3.0,0.4,0.007097659984531552,0.5416666666666666,24
40,0.001,0.6,30,0.5,5,3,2.0,2.5,0.4,0.007069460193527055,0.48148148148148145,27
40,0.003,0.5,20,1.0,10,3,2.0,3.0,0.4,0.006947502726368497,0.5,30
40,0.001,0.6,30,0.5,5,3,2.0,3.0,0.4,0.006820886295028873,0.48148148148148145,27
40,0.001,0.6,20,1.0,10,3,2.0,2.5,0.3,0.006807405329329009,0.53125,32
40,0.003,0.6,20,0.5,5,3,2.0,2.0,0.3,0.006802305764824286,0.4482758620689655,58
40,0.001,0.6,20,1.0,5,3,2.0,2.5,0.4,0.006668406477009787,0.5384615384615384,26
40,0.003,0.5,20,0.5,5,3,2.0,2.0,0.3,0.006636936599637772,0.4166666666666667,72
40,0.001,0.6,20,1.0,5,3,2.0,3.0,0.4,0.006627442809209867,0.5384615384615384,26
40,0.003,0.6,20,1.0,10,3,2.0,2.5,0.4,0.006190691117675796,0.5,24
40,0.003,0.5,20,1.0,10,3,2.0,2.5,0.4,0.006041564046172991,0.4666666666666667,30
60,0.001,0.5,30,0.5,5,3,2.0,3.0,0.3,0.0060353154106565065,0.4225352112676056,71
40,0.003,0.6,20,0.5,10,3,2.0,2.0,0.3,0.00592071344795105,0.4117647058823529,68
40,0.003,0.6,30,0.5,10,3,2.0,3.0,0.4,0.005748055456292435,0.38461538461538464,26
40,0.001,0.6,20,1.0,5,3,2.0,2.0,0.4,0.005745828414334415,0.38461538461538464,26
40,0.003,0.6,30,0.5,10,3,2.0,2.5,0.4,0.005719361553295148,0.4230769230769231,26
60,0.001,0.5,20,0.5,10,3,2.0,2.0,0.4,0.005656075085970398,0.4084507042253521,142
60,0.001,0.6,30,1.0,10,3,2.0,3.0,0.3,0.005558847553558708,0.44,25
40,0.001,0.5,30,0.5,5,3,2.0,2.0,0.4,0.005427552344649287,0.4,45
40,0.003,0.6,20,1.0,5,3,2.0,3.0,0.4,0.0053979888815526905,0.55,20
60,0.001,0.6,30,0.5,5,3,2.0,3.0,0.3,0.0053086899586988695,0.42857142857142855,56
40,0.003,0.6,20,1.0,10,3,2.0,3.0,0.3,0.005294233804115089,0.5,24
60,0.001,0.6,30,1.0,10,3,2.0,3.0,0.4,0.005277798710696373,0.4,25
40,0.003,0.6,20,1.0,5,3,2.0,2.0,0.4,0.005265324913724568,0.4,20
40,0.003,0.5,20,0.5,10,3,2.0,2.0,0.3,0.005258146478516535,0.3855421686746988,83
40,0.003,0.5,20,1.0,5,3,2.0,3.0,0.4,0.005248242060976664,0.5,26
40,0.003,0.6,30,0.5,5,3,2.0,2.5,0.4,0.005236096301029441,0.4,20
40,0.003,0.5,20,1.0,5,3,2.0,2.0,0.4,0.005115671054005838,0.38461538461538464,26
40,0.001,0.6,20,1.0,10,3,2.0,2.0,0.4,0.005100337572489511,0.40625,32
60,0.001,0.6,30,1.0,10,3,2.0,2.5,0.4,0.0050324839661067084,0.36,25
40,0.003,0.6,30,0.5,5,3,2.0,3.0,0.4,0.004997280090448901,0.4,20
40,0.001,0.6,20,1.0,5,3,2.0,3.0,0.3,0.004935008588045606,0.5,26
40,0.003,0.6,20,1.0,5,3,2.0,2.5,0.4,0.0049302305808731255,0.5,20
40,0.001,0.6,20,1.0,5,3,2.0,2.5,0.3,0.004793320569506876,0.5,26
40,0.003,0.5,20,1.0,5,3,2.0,2.5,0.4,0.00478088800847228,0.46153846153846156,26
40,0.001,0.6,30,0.5,5,3,2.0,2.0,0.4,0.004653499672483161,0.4444444444444444,27
60,0.001,0.5,30,1.0,10,3,2.0,3.0,0.3,0.0044959824402993126,0.40540540540540543,37
40,0.003,0.5,20,1.0,10,3,2.0,3.0,0.3,0.004484690178667792,0.43333333333333335,30
60,0.001,0.6,30,0.5,5,3,2.0,3.0,0.4,0.0044746664525075535,0.42857142857142855,56
40,0.001,0.5,20,1.0,10,3,2.0,2.0,0.3,0.004425807630111639,0.41025641025641024,39
40,0.001,0.5,20,1.0,5,3,2.0,2.0,0.3,0.004409474893266017,0.4,35
40,0.001,0.6,30,0.5,10,3,2.0,2.0,0.4,0.004318376176765942,0.45714285714285713,35
40,0.003,0.6,20,1.0,10,3,2.0,2.5,0.3,0.004314492703384798,0.4583333333333333,24
40,0.001,0.5,30,0.5,5,3,2.0,2.0,0.3,0.004277327395563474,0.4222222222222222,45
40,0.003,0.5,30,0.5,5,3,2.0,2.5,0.4,0.004236986278527693,0.3225806451612903,31
60,0.001,0.5,20,0.5,10,3,2.0,2.0,0.3,0.004233419328617131,0.4014084507042254,142
40,0.003,0.6,30,0.5,5,3,2.0,2.0,0.3,0.004121194764463043,0.4,20
40,0.001,0.5,30,1.0,10,3,2.0,3.0,0.4,0.004068869063694525,0.5714285714285714,14
40,0.001,0.6,30,0.5,5,3,2.0,2.0,0.3,0.0040245481965403875,0.4444444444444444,27
40,0.003,0.5,30,0.5,5,3,2.0,3.0,0.4,0.004001187289309242,0.3225806451612903,31
60,0.001,0.6,30,1.0,10,3,2.0,2.5,0.3,0.0038527830335520763,0.36,25
60,0.001,0.5,30,0.5,5,3,2.0,3.0,0.4,0.003822448074602463,0.43661971830985913,71
40,0.003,0.6,30,0.5,5,3,2.0,2.0,0.4,0.0038096005804275266,0.4,20
40,0.003,0.5,30,0.5,10,3,2.0,3.0,0.4,0.0037840647661805146,0.3076923076923077,39
40,0.003,0.5,30,0.5,10,3,2.0,2.5,0.4,0.0037598455203676404,0.3333333333333333,39
40,0.003,0.6,20,1.0,10,3,2.0,2.0,0.4,0.0037398908751768247,0.375,24
60,0.001,0.6,20,0.5,10,3,2.0,2.0,0.4,0.0037124137080138337,0.38333333333333336,120
40,0.003,0.6,20,1.0,5,3,2.0,3.0,0.3,0.003702699380291663,0.5,20
40,0.001,0.6,30,0.5,10,3,2.0,2.0,0.3,0.003699092889686506,0.45714285714285713,35
40,0.001,0.6,20,1.0,5,3,2.0,2.0,0.3,0.003596505905945525,0.34615384615384615,26
40,0.003,0.5,20,1.0,10,3,2.0,2.0,0.4,0.0035905081728835452,0.36666666666666664,30
40,0.001,0.6,30,1.0,10,3,2.0,3.0,0.4,0.0035353908724906503,0.5555555555555556,9
40,0.001,0.5,30,1.0,10,3,2.0,2.5,0.4,0.003518525230514028,0.5714285714285714,14
40,0.003,0.5,20,1.0,10,3,2.0,2.5,0.3,0.003506611734871249,0.4,30
40,0.001,0.5,30,0.5,10,3,2.0,2.0,0.4,0.0035057452568869854,0.38181818181818183,55
40,0.001,0.5,30,1.0,5,3,2.0,2.0,0.4,0.0034875070816188978,0.5454545454545454,11
60,0.001,0.5,20,1.0,5,3,2.0,3.0,0.3,0.0034699432574943284,0.3898305084745763,59
40,0.003,0.5,30,1.0,10,3,2.0,3.0,0.4,0.003465052021915802,0.5454545454545454,11
60,0.001,0.6,20,0.5,5,3,2.0,3.0,0.3,0.00343874104641442,0.40860215053763443,93
40,0.001,0.6,30,1.0,10,3,2.0,3.0,0.3,0.0033709994054151623,0.5555555555555556,9
60,0.003,0.5,20,0.5,10,3,2.0,3.0,0.4,0.0033309661967809217,0.3855421686746988,83
40,0.001,0.5,30,1.0,10,3,2.0,2.0,0.4,0.0033278203123397157,0.5,14
40,0.001,0.5,30,1.0,10,3,2.0,3.0,0.3,0.003244775352437501,0.5,14
60,0.001,0.5,30,1.0,10,3,2.0,2.5,0.3,0.0032090161185625516,0.35135135135135137,37
40,0.001,0.5,30,1.0,5,3,2.0,2.5,0.4,0.003141838150263143,0.5454545454545454,11
40,0.003,0.6,20,1.0,5,3,2.0,2.0,0.3,0.0031157614187334007,0.35,20
40,0.003,0.6,30,1.0,10,3,2.0,3.0,0.4,0.003110514775438827,0.5,8
40,0.003,0.6,20,1.0,5,3,2.0,2.5,0.3,0.0030549036867679367,0.45,20
40,0.003,0.5,30,1.0,5,3,2.0,2.0,0.4,0.0030506589831620604,0.5555555555555556,9
60,0.001,0.5,30,1.0,10,3,2.0,2.5,0.4,0.0030447546859380978,0.35135135135135137,37
40,0.001,0.6,30,1.0,10,3,2.0,2.5,0.4,0.002986519857843311,0.5555555555555556,9
40,0.003,0.5,30,1.0,5,3,2.0,2.5,0.4,0.0029617836610994364,0.5555555555555556,9
40,0.001,0.6,20,1.0,10,3,2.0,2.0,0.3,0.002950760516733141,0.375,32
40,0.003,0.6,30,1.0,10,3,2.0,3.0,0.3,0.0029459840731228043,0.5,8
60,0.001,0.5,20,1.0,5,3,2.0,3.0,0.4,0.0029360800756996885,0.4067796610169492,59
40,0.001,0.6,30,1.0,10,3,2.0,2.5,0.3,0.0029344623528015676,0.5555555555555556,9
40,0.003,0.5,30,1.0,10,3,2.0,2.5,0.4,0.0029147081887353054,0.5454545454545454,11
40,0.003,0.5,20,1.0,5,3,2.0,3.0,0.3,0.0028976478619634114,0.4230769230769231,26
40,0.001,0.5,30,1.0,5,3,2.0,2.0,0.3,0.002860881526071989,0.45454545454545453,11
60,0.001,0.5,30,1.0,10,3,2.0,3.0,0.4,0.002850837640607747,0.40540540540540543,37
40,0.001,0.5,30,1.0,10,3,2.0,2.5,0.3,0.0028030302242294403,0.5,14
60,0.001,0.6,20,0.5,5,3,2.0,3.0,0.4,0.002790587079207849,0.3978494623655914,93
40,0.003,0.6,30,1.0,5,3,2.0,2.0,0.3,0.002733743326044813,0.5,6
40,0.001,0.6,30,1.0,5,3,2.0,2.0,0.3,0.002733743326044813,0.5,6
40,0.001,0.5,30,1.0,10,3,2.0,2.0,0.3,0.0027029931009680233,0.42857142857142855,14
40,0.001,0.6,30,1.0,5,3,2.0,2.0,0.4,0.0026974180101928657,0.5,6
40,0.003,0.6,30,1.0,5,3,2.0,2.0,0.4,0.0026974180101928657,0.5,6
40,0.003,0.5,30,0.5,5,3,2.0,2.0,0.4,0.0026803323482125834,0.3225806451612903,31
40,0.001,0.5,30,1.0,5,3,2.0,3.0,0.4,0.0026629012667347776,0.5454545454545454,11
40,0.003,0.5,30,1.0,10,3,2.0,3.0,0.3,0.0026409146442165016,0.45454545454545453,11
40,0.001,0.6,30,1.0,5,3,2.0,2.5,0.4,0.0026085426881302417,0.5,6
40,0.003,0.6,30,1.0,5,3,2.0,2.5,0.4,0.0026085426881302417,0.5,6
60,0.001,0.5,20,1.0,10,3,2.0,2.5,0.3,0.0025923699873406183,0.38666666666666666,75
40,0.001,0.6,30,1.0,10,3,2.0,2.0,0.3,0.002576249368384754,0.4444444444444444,9
40,0.003,0.6,30,1.0,10,3,2.0,2.5,0.4,0.0025616437607914877,0.5,8
60,0.001,0.6,20,1.0,10,3,2.0,2.5,0.4,0.0025588262163770293,0.4,60
40,0.001,0.6,30,1.0,5,3,2.0,2.5,0.3,0.0025560821575700463,0.5,6
40,0.003,0.6,30,1.0,5,3,2.0,2.5,0.3,0.0025560821575700463,0.5,6
40,0.001,0.6,30,1.0,10,3,2.0,2.0,0.4,0.0025397848172922727,0.4444444444444444,9
40,0.003,0.6,30,1.0,10,3,2.0,2.5,0.3,0.0025094470205092095,0.5,8
40,0.003,0.5,30,1.0,5,3,2.0,3.0,0.4,0.002482846777571071,0.5555555555555556,9
60,0.003,0.5,20,0.5,10,3,2.0,3.0,0.3,0.002476956617303652,0.37349397590361444,83
40,0.003,0.5,30,1.0,10,3,2.0,2.0,0.4,0.0024672096612678627,0.45454545454545453,11
40,0.001,0.5,30,1.0,5,3,2.0,2.5,0.3,0.002426442469015355,0.45454545454545453,11
60,0.001,0.5,20,0.5,5,3,2.0,2.5,0.3,0.0024250388726097714,0.40869565217391307,115
40,0.003,0.5,30,1.0,5,3,2.0,2.0,0.3,0.0024241286314961525,0.4444444444444444,9
60,0.001,0.6,20,0.5,10,3,2.0,2.0,0.3,0.0024035582077795744,0.375,120
40,0.003,0.5,20,1.0,5,3,2.0,2.0,0.3,0.0023417260447007563,0.3076923076923077,26
40,0.003,0.5,30,0.5,5,3,2.0,2.0,0.3,0.0022665702172432528,0.3225806451612903,31
40,0.003,0.5,20,1.0,5,3,2.0,2.5,0.3,0.0022469767783716626,0.38461538461538464,26
40,0.003,0.5,30,1.0,5,3,2.0,2.5,0.3,0.0022464831837326494,0.4444444444444444,9
40,0.003,0.5,30,1.0,10,3,2.0,2.5,0.3,0.0021991695160084404,0.45454545454545453,11
40,0.001,0.5,30,0.5,10,3,2.0,2.0,0.3,0.002178232263481017,0.4,55
40,0.003,0.6,30,1.0,10,3,2.0,2.0,0.3,0.0021512340360923966,0.375,8
40,0.003,0.6,30,1.0,5,3,2.0,3.0,0.4,0.002129605804601876,0.5,6
40,0.001,0.6,30,1.0,5,3,2.0,3.0,0.4,0.002129605804601876,0.5,6
40,0.003,0.6,30,1.0,10,3,2.0,2.0,0.4,0.0021149087202404493,0.375,8
40,0.001,0.6,30,1.0,5,3,2.0,3.0,0.3,0.0020771452740416807,0.5,6
40,0.003,0.6,30,1.0,5,3,2.0,3.0,0.3,0.0020771452740416807,0.5,6
60,0.001,0.5,20,0.5,5,3,2.0,2.5,0.4,0.002017056316546584,0.40869565217391307,115
60,0.001,0.5,20,1.0,10,3,2.0,2.5,0.4,0.0020029582617495287,0.4,75
60,0.003,0.6,30,0.5,10,3,2.0,3.0,0.4,0.0019834453625839294,0.34782608695652173,46
60,0.001,0.6,20,1.0,10,3,2.0,2.5,0.3,0.0019826926889728006,0.38333333333333336,60
40,0.001,0.5,30,1.0,5,3,2.0,3.0,0.3,0.0019553495167019294,0.45454545454545453,11
40,0.003,0.6,30,0.5,10,3,2.0,2.0,0.3,0.0019165760594599278,0.38461538461538464,26
60,0.001,0.6,30,0.5,5,3,2.0,2.5,0.4,0.0018648306814334553,0.4107142857142857,56
40,0.003,0.5,30,1.0,10,3,2.0,2.0,0.3,0.0018423387834538933,0.36363636363636365,11
40,0.003,0.5,30,1.0,5,3,2.0,3.0,0.3,0.0017753902314192234,0.4444444444444444,9
60,0.003,0.6,30,0.5,10,3,2.0,3.0,0.3,0.001740731688076252,0.32608695652173914,46
60,0.001,0.5,30,0.5,5,3,2.0,2.5,0.3,0.0016587188763008192,0.39436619718309857,71
40,0.003,0.6,30,0.5,10,3,2.0,2.0,0.4,0.0016053759481867837,0.38461538461538464,26
40,0.003,0.6,20,1.0,10,3,2.0,2.0,0.3,0.0015899333074232845,0.3333333333333333,24
60,0.001,0.5,30,0.5,5,3,2.0,2.5,0.4,0.0014252427730520292,0.4084507042253521,71
60,0.001,0.6,30,1.0,5,3,2.0,3.0,0.3,0.0009670642542247329,0.4090909090909091,22
60,0.003,0.6,30,1.0,10,3,2.0,3.0,0.4,0.0009436682895141867,0.3333333333333333,18
60,0.003,0.5,20,1.0,10,3,2.0,3.0,0.4,0.0008520608813440288,0.35294117647058826,51
60,0.001,0.6,30,1.0,5,3,2.0,3.0,0.4,0.0008334419748335807,0.36363636363636365,22
40,0.003,0.5,20,1.0,10,3,2.0,2.0,0.3,0.0008174153928667641,0.3,30
60,0.003,0.6,20,0.5,10,3,2.0,3.0,0.4,0.00081292487598862,0.36363636363636365,77
60,0.003,0.6,30,1.0,10,3,2.0,2.5,0.4,0.0007591350019051893,0.2777777777777778,18
60,0.001,0.6,30,0.5,5,3,2.0,2.5,0.3,0.0007475634460827453,0.39285714285714285,56
60,0.001,0.5,30,0.5,10,3,2.0,2.0,0.4,0.0006979080280639834,0.4186046511627907,86
60,0.003,0.5,20,0.5,10,3,2.0,2.0,0.4,0.0006427525569698093,0.36363636363636365,99
60,0.003,0.6,20,0.5,10,3,2.0,2.0,0.4,0.000607790770136322,0.3333333333333333,87
60,0.001,0.6,30,1.0,5,3,2.0,2.5,0.4,0.0005742805237252248,0.3181818181818182,22
60,0.003,0.6,20,0.5,10,3,2.0,2.5,0.4,0.0005443475762462427,0.38271604938271603,81
60,0.003,0.5,20,0.5,10,3,2.0,2.5,0.4,0.0005257245874322623,0.3888888888888889,90
60,0.001,0.6,20,0.5,5,3,2.0,2.5,0.4,0.0005075693409023227,0.3979591836734694,98
60,0.003,0.5,20,0.5,10,3,2.0,2.5,0.3,0.0004985939341357727,0.37777777777777777,90
60,0.003,0.6,20,1.0,10,3,2.0,3.0,0.4,0.0002799194748170919,0.3409090909090909,44
60,0.003,0.6,20,0.5,10,3,2.0,3.0,0.3,0.0002457149161135695,0.35064935064935066,77
60,0.003,0.5,30,0.5,10,3,2.0,3.0,0.3,0.00018587345476322396,0.3333333333333333,54
60,0.003,0.6,30,1.0,10,3,2.0,2.5,0.3,3.7835096861813274e-05,0.2777777777777778,18
60,0.003,0.6,30,1.0,10,3,2.0,3.0,0.3,2.493346335969488e-05,0.3333333333333333,18
60,0.001,0.5,30,1.0,5,3,2.0,3.0,0.3,-2.828815799037364e-05,0.36363636363636365,33
60,0.001,0.6,20,1.0,5,3,2.0,3.0,0.4,-6.643008757655099e-05,0.3829787234042553,47
60,0.003,0.5,30,0.5,10,3,2.0,3.0,0.4,-0.00022363554159549666,0.35185185185185186,54
60,0.001,0.6,30,0.5,10,3,2.0,2.0,0.4,-0.00022638192555950946,0.3939393939393939,66
60,0.003,0.6,20,0.5,10,3,2.0,2.5,0.3,-0.0002311811751767312,0.37037037037037035,81
60,0.001,0.5,30,0.5,10,3,2.0,2.0,0.3,-0.0004083358247621109,0.4069767441860465,86
60,0.001,0.6,20,0.5,5,3,2.0,2.5,0.3,-0.00041167993025674016,0.3979591836734694,98
40,0.003,0.5,30,0.5,10,3,2.0,2.0,0.4,-0.000482699288936381,0.3076923076923077,39
60,0.003,0.6,20,0.5,10,3,2.0,2.0,0.3,-0.0006950778746079732,0.3218390804597701,87
60,0.001,0.6,30,1.0,5,3,2.0,2.5,0.3,-0.0007527826920925326,0.3181818181818182,22
60,0.001,0.6,30,1.0,10,3,2.0,2.0,0.4,-0.0007536814132962119,0.32,25
60,0.003,0.6,30,0.5,10,3,2.0,2.5,0.4,-0.0007577820642263742,0.3617021276595745,47
60,0.003,0.5,20,0.5,10,3,2.0,2.0,0.3,-0.000766520178192836,0.35353535353535354,99
60,0.003,0.5,20,1.0,10,3,2.0,3.0,0.3,-0.000886026590056272,0.3333333333333333,51
60,0.003,0.6,20,1.0,10,3,2.0,3.0,0.3,-0.0010435921133221176,0.3181818181818182,44
40,0.003,0.5,30,0.5,10,3,2.0,2.0,0.3,-0.001073057320727254,0.3076923076923077,39
60,0.001,0.6,30,0.5,10,3,2.0,2.0,0.3,-0.0012220419862538634,0.3787878787878788,66
60,0.003,0.6,30,0.5,10,3,2.0,2.5,0.3,-0.001302742832840721,0.3404255319148936,47
60,0.001,0.6,30,1.0,10,3,2.0,2.0,0.3,-0.001438223428606136,0.32,25
60,0.001,0.5,30,1.0,5,3,2.0,2.5,0.3,-0.0015132827494632123,0.30303030303030304,33
60,0.001,0.6,20,1.0,5,3,2.0,3.0,0.3,-0.001527756337570728,0.3617021276595745,47
60,0.003,0.6,30,1.0,10,3,2.0,2.0,0.4,-0.0015479550651475253,0.2777777777777778,18
60,0.001,0.5,20,1.0,10,3,2.0,2.0,0.4,-0.0016002319143576527,0.38961038961038963,77
60,0.001,0.5,30,1.0,10,3,2.0,2.0,0.4,-0.0016203530251798462,0.35135135135135137,37
60,0.001,0.5,30,1.0,5,3,2.0,3.0,0.4,-0.001694706796450291,0.36363636363636365,33
60,0.001,0.5,30,1.0,5,3,2.0,2.5,0.4,-0.0017003249359847465,0.30303030303030304,33
60,0.003,0.5,30,1.0,10,3,2.0,2.5,0.3,-0.0017938794919839394,0.2916666666666667,24
60,0.001,0.6,30,1.0,5,3,2.0,2.0,0.4,-0.00182451676122011,0.2727272727272727,22
60,0.003,0.5,30,1.0,10,3,2.0,3.0,0.4,-0.0018770005531170513,0.3333333333333333,24
60,0.003,0.5,30,1.0,10,3,2.0,2.5,0.4,-0.0018770105052813785,0.2916666666666667,24
60,0.003,0.5,30,1.0,10,3,2.0,3.0,0.3,-0.001991068050318074,0.3333333333333333,24
60,0.001,0.5,20,0.5,5,3,2.0,2.0,0.4,-0.002112780936529643,0.3888888888888889,126
60,0.003,0.6,30,1.0,5,3,2.0,2.0,0.4,-0.002199296521771779,0.25,16
60,0.003,0.6,30,1.0,10,3,2.0,2.0,0.3,-0.0022324970804574493,0.2777777777777778,18
60,0.001,0.5,30,1.0,10,3,2.0,2.0,0.3,-0.0023009315199152714,0.35135135135135137,37
60,0.001,0.6,30,1.0,5,3,2.0,2.0,0.3,-0.002502919535345094,0.2727272727272727,22
60,0.001,0.6,20,1.0,10,3,2.0,2.0,0.4,-0.0026852091843920173,0.35,60
60,0.001,0.5,20,1.0,10,3,2.0,2.0,0.3,-0.002735135976175054,0.37662337662337664,77
60,0.003,0.6,30,1.0,5,3,2.0,2.0,0.3,-0.002877699295896763,0.25,16
60,0.003,0.5,30,1.0,10,3,2.0,2.0,0.4,-0.002986948455161157,0.3333333333333333,24
60,0.001,0.5,30,1.0,5,3,2.0,2.0,0.4,-0.0030671284288350162,0.30303030303030304,33
60,0.003,0.6,30,1.0,5,3,2.0,3.0,0.4,-0.0030806305928642924,0.3125,16
60,0.003,0.6,30,0.5,10,3,2.0,2.0,0.4,-0.0031967155261138666,0.3191489361702128,47
60,0.001,0.5,20,0.5,5,3,2.0,2.0,0.3,-0.0032099726420889863,0.38095238095238093,126
60,0.003,0.5,30,0.5,10,3,2.0,2.5,0.3,-0.0032743158808144182,0.32142857142857145,56
60,0.003,0.6,30,1.0,5,3,2.0,2.5,0.4,-0.0032790105869919817,0.25,16
60,0.003,0.5,30,0.5,10,3,2.0,2.5,0.4,-0.0033715229294115513,0.3392857142857143,56
60,0.003,0.5,30,1.0,10,3,2.0,2.0,0.3,-0.0036675269498965823,0.3333333333333333,24
60,0.001,0.6,20,1.0,10,3,2.0,2.0,0.3,-0.003678692551668614,0.3333333333333333,60
60,0.001,0.5,30,1.0,5,3,2.0,2.0,0.3,-0.003741603228792023,0.30303030303030304,33
60,0.001,0.5,30,0.5,5,3,2.0,2.0,0.4,-0.0037640468725173262,0.3698630136986301,73
60,0.003,0.6,20,1.0,10,3,2.0,2.5,0.4,-0.0038530063252444715,0.3111111111111111,45
60,0.001,0.6,20,0.5,5,3,2.0,2.0,0.4,-0.0038884020878447384,0.3584905660377358,106
60,0.003,0.6,30,1.0,5,3,2.0,3.0,0.3,-0.004148542237551555,0.3125,16
60,0.003,0.6,30,1.0,5,3,2.0,2.5,0.3,-0.0041494230303600705,0.25,16
60,0.003,0.6,30,0.5,10,3,2.0,2.0,0.3,-0.004188945032889715,0.2978723404255319,47
60,0.003,0.6,30,0.5,5,3,2.0,3.0,0.4,-0.004265443972777751,0.35,40
60,0.001,0.5,20,1.0,5,3,2.0,2.5,0.3,-0.004399377718519924,0.3548387096774194,62
60,0.003,0.6,20,1.0,10,3,2.0,2.5,0.3,-0.004427912438796305,0.28888888888888886,45
60,0.001,0.6,30,0.5,5,3,2.0,2.0,0.4,-0.004575592313972556,0.3392857142857143,56
60,0.003,0.6,30,0.5,5,3,2.0,3.0,0.3,-0.00462879152293273,0.325,40
60,0.003,0.5,30,0.5,10,3,2.0,2.0,0.4,-0.004631575485234814,0.3448275862068966,58
60,0.003,0.5,30,1.0,5,3,2.0,2.0,0.4,-0.004656067551339034,0.2727272727272727,22
60,0.001,0.5,30,0.5,5,3,2.0,2.0,0.3,-0.00483847298583082,0.3561643835616438,73
60,0.001,0.6,20,0.5,5,3,2.0,2.0,0.3,-0.004873473830184339,0.3490566037735849,106
60,0.003,0.5,20,0.5,5,3,2.0,3.0,0.4,-0.00500432135479445,0.36363636363636365,77
60,0.001,0.5,20,1.0,5,3,2.0,2.5,0.4,-0.005026373367332544,0.3709677419354839,62
60,0.003,0.6,20,1.0,10,3,2.0,2.0,0.4,-0.005070936014837583,0.26666666666666666,45
60,0.001,0.6,20,1.0,5,3,2.0,2.5,0.4,-0.005284822018974967,0.3673469387755102,49
60,0.003,0.5,30,1.0,5,3,2.0,2.0,0.3,-0.0053305423512960415,0.2727272727272727,22
60,0.001,0.6,30,0.5,5,3,2.0,2.0,0.3,-0.0055384151808203835,0.32142857142857145,56
60,0.003,0.5,30,0.5,10,3,2.0,2.0,0.3,-0.005727626623693416,0.3275862068965517,58
60,0.003,0.5,20,0.5,5,3,2.0,3.0,0.3,-0.005804494344110949,0.36363636363636365,77
60,0.003,0.5,20,1.0,10,3,2.0,2.5,0.3,-0.005933375818751665,0.2962962962962963,54
60,0.003,0.5,20,1.0,10,3,2.0,2.0,0.4,-0.005965312952900283,0.3090909090909091,55
60,0.003,0.5,20,1.0,10,3,2.0,2.5,0.4,-0.00597639897279466,0.3148148148148148,54
60,0.001,0.6,20,1.0,5,3,2.0,2.5,0.3,-0.005985545381930647,0.3469387755102041,49
60,0.003,0.6,20,1.0,10,3,2.0,2.0,0.3,-0.006064209600668631,0.24444444444444444,45
60,0.003,0.5,30,0.5,5,3,2.0,3.0,0.3,-0.006169565218289276,0.32653061224489793,49
60,0.003,0.6,20,0.5,5,3,2.0,2.0,0.4,-0.006295232639918232,0.3026315789473684,76
60,0.003,0.6,20,1.0,5,3,2.0,3.0,0.4,-0.006453395279355191,0.3055555555555556,36
60,0.001,0.5,20,1.0,5,3,2.0,2.0,0.4,-0.006552064046766535,0.31746031746031744,63
60,0.003,0.5,30,0.5,5,3,2.0,3.0,0.4,-0.0066283264065669645,0.3469387755102041,49
60,0.003,0.5,30,1.0,5,3,2.0,3.0,0.4,-0.006663604172079476,0.2727272727272727,22
60,0.003,0.5,20,1.0,5,3,2.0,3.0,0.4,-0.006688974562797045,0.3023255813953488,43
60,0.003,0.5,30,1.0,5,3,2.0,3.0,0.3,-0.0067569756466951715,0.2727272727272727,22
60,0.003,0.5,30,1.0,5,3,2.0,2.5,0.3,-0.006757220747898085,0.22727272727272727,22
60,0.003,0.6,30,0.5,5,3,2.0,2.0,0.4,-0.006765325977552996,0.25,40
60,0.003,0.6,20,0.5,5,3,2.0,3.0,0.4,-0.006835194971215702,0.3382352941176471,68
60,0.003,0.5,30,1.0,5,3,2.0,2.5,0.4,-0.006861361782661008,0.22727272727272727,22
60,0.003,0.5,20,1.0,10,3,2.0,2.0,0.3,-0.007089892629692384,0.2909090909090909,55
60,0.003,0.6,30,0.5,5,3,2.0,2.5,0.4,-0.007218058399968252,0.325,40
60,0.003,0.6,20,0.5,5,3,2.0,2.0,0.3,-0.007279337864061492,0.2894736842105263,76
60,0.003,0.6,20,0.5,5,3,2.0,3.0,0.3,-0.007388444362562831,0.3382352941176471,68
60,0.003,0.5,20,0.5,5,3,2.0,2.0,0.4,-0.007436034469907014,0.34444444444444444,90
60,0.001,0.5,20,1.0,5,3,2.0,2.0,0.3,-0.007655424318843498,0.30158730158730157,63
60,0.003,0.6,30,0.5,5,3,2.0,2.0,0.3,-0.00772794251109516,0.225,40
60,0.003,0.6,30,0.5,5,3,2.0,2.5,0.3,-0.007884107297722967,0.3,40
60,0.003,0.6,20,1.0,5,3,2.0,3.0,0.3,-0.00789940465585759,0.2777777777777778,36
60,0.003,0.5,30,0.5,5,3,2.0,2.0,0.4,-0.007934337064962,0.3,50
60,0.001,0.6,20,1.0,5,3,2.0,2.0,0.4,-0.007954216035963444,0.2857142857142857,49
60,0.003,0.5,20,1.0,5,3,2.0,3.0,0.3,-0.00837854775818261,0.27906976744186046,43
60,0.003,0.5,20,0.5,5,3,2.0,2.0,0.3,-0.008522442491049375,0.3333333333333333,90
60,0.003,0.6,20,0.5,5,3,2.0,2.5,0.4,-0.008541801214205114,0.3380281690140845,71
60,0.001,0.6,20,1.0,5,3,2.0,2.0,0.3,-0.008920782076538174,0.2653061224489796,49
60,0.003,0.5,30,0.5,5,3,2.0,2.0,0.3,-0.008998966273995138,0.28,50
60,0.003,0.6,20,0.5,5,3,2.0,2.5,0.3,-0.009015106424852136,0.3380281690140845,71
60,0.003,0.5,30,0.5,5,3,2.0,2.5,0.3,-0.009473578645382131,0.30612244897959184,49
60,0.003,0.6,20,1.0,5,3,2.0,2.0,0.4,-0.009579180755998729,0.1891891891891892,37
60,0.003,0.5,30,0.5,5,3,2.0,2.5,0.4,-0.009620505570631654,0.32653061224489793,49
60,0.003,0.5,20,0.5,5,3,2.0,2.5,0.3,-0.009766179630850592,0.3493975903614458,83
60,0.003,0.5,20,0.5,5,3,2.0,2.5,0.4,-0.010084416737376763,0.3493975903614458,83
60,0.003,0.6,20,1.0,5,3,2.0,2.0,0.3,-0.01054573814058837,0.16216216216216217,37
60,0.003,0.6,20,1.0,5,3,2.0,2.5,0.4,-0.010952454839007161,0.2702702702702703,37
60,0.003,0.5,20,1.0,5,3,2.0,2.0,0.4,-0.011403132477915764,0.2222222222222222,45
60,0.003,0.6,20,1.0,5,3,2.0,2.5,0.3,-0.011652229075531872,0.24324324324324326,37
60,0.003,0.5,20,1.0,5,3,2.0,2.0,0.3,-0.012497237569790574,0.2,45
60,0.003,0.5,20,1.0,5,3,2.0,2.5,0.3,-0.013793385647907948,0.24444444444444444,45
60,0.003,0.5,20,1.0,5,3,2.0,2.5,0.4,-0.013882888683784487,0.26666666666666666,45
