trade_date,ts_code,pre_close,open,high,low,close,change,pct_chg,vol,amount,adj_open,adj_high,adj_low,adj_close
20230915,588120.SH,0.99,0.989,1.0,0.973,0.988,-0.002,-0.202,4529722.0,447141.79,0.989,1.0,0.973,0.988
20230918,588120.SH,0.988,0.969,0.998,0.969,0.989,0.001,0.1012,2025121.98,200728.795,0.969,0.998,0.969,0.989
20230919,588120.SH,0.989,0.989,0.99,0.977,0.982,-0.007,-0.7078,1619646.0,158872.209,0.989,0.99,0.977,0.982
20230920,588120.SH,0.982,0.978,0.982,0.966,0.968,-0.014,-1.4257,1756539.0,170524.096,0.978,0.982,0.966,0.968
20230921,588120.SH,0.968,0.966,0.969,0.956,0.957,-0.011,-1.1364,2516290.0,241931.266,0.966,0.969,0.956,0.957
20230922,588120.SH,0.957,0.957,0.982,0.956,0.982,0.025,2.6123,3159501.0,306914.269,0.957,0.982,0.956,0.982
20230925,588120.SH,0.982,0.981,0.985,0.974,0.983,0.001,0.1018,1860513.0,181974.782,0.981,0.985,0.974,0.983
20230926,588120.SH,0.983,0.983,0.988,0.976,0.979,-0.004,-0.4069,2899081.0,284762.574,0.983,0.988,0.976,0.979
20230927,588120.SH,0.979,0.977,0.999,0.976,0.995,0.016,1.6343,4088460.0,406316.437,0.977,0.999,0.976,0.995
20230928,588120.SH,0.995,0.997,1.002,0.991,1.0,0.005,0.5025,2529351.0,252340.155,0.997,1.002,0.991,1.0
20231009,588120.SH,1.0,1.0,1.0,0.988,0.99,-0.01,-1.0,1883091.0,186819.253,1.0,1.0,0.988,0.99
20231010,588120.SH,0.99,0.99,0.994,0.981,0.981,-0.009,-0.9091,1630921.0,160873.676,0.99,0.994,0.981,0.981
20231011,588120.SH,0.981,0.982,1.005,0.982,0.998,0.017,1.7329,2310566.0,230773.503,0.982,1.005,0.982,0.998
20231012,588120.SH,0.998,0.999,1.005,0.993,1.003,0.005,0.501,2339885.0,233870.018,0.999,1.005,0.993,1.003
20231013,588120.SH,1.003,1.0,1.005,0.995,1.001,-0.002,-0.1994,1832889.0,183229.401,1.0,1.005,0.995,1.001
20231016,588120.SH,1.001,1.001,1.004,0.98,0.985,-0.016,-1.5984,2037199.0,200999.452,1.001,1.004,0.98,0.985
20231017,588120.SH,0.985,0.986,0.989,0.976,0.985,0.0,0.0,2808591.0,275628.216,0.986,0.989,0.976,0.985
20231018,588120.SH,0.985,0.982,0.984,0.967,0.969,-0.016,-1.6244,2054770.0,199749.822,0.982,0.984,0.967,0.969
20231019,588120.SH,0.969,0.968,0.979,0.963,0.967,-0.002,-0.2064,2138643.0,207763.836,0.968,0.979,0.963,0.967
20231020,588120.SH,0.967,0.966,0.97,0.954,0.957,-0.01,-1.0341,2558083.0,245873.337,0.966,0.97,0.954,0.957
20231023,588120.SH,0.957,0.957,0.957,0.929,0.932,-0.025,-2.6123,3071969.0,288295.505,0.957,0.957,0.929,0.932
20231024,588120.SH,0.932,0.939,0.95,0.925,0.946,0.014,1.5021,3151646.0,295921.509,0.939,0.95,0.925,0.946
20231025,588120.SH,0.946,0.949,0.957,0.944,0.948,0.002,0.2114,1898665.0,180310.545,0.949,0.957,0.944,0.948
20231026,588120.SH,0.948,0.942,0.95,0.935,0.948,0.0,0.0,2259346.0,212269.985,0.942,0.95,0.935,0.948
20231027,588120.SH,0.948,0.947,0.986,0.94,0.98,0.032,3.3755,3157530.0,304313.828,0.947,0.986,0.94,0.98
20231030,588120.SH,0.98,0.973,1.008,0.973,1.004,0.024,2.449,3581376.0,357326.479,0.973,1.008,0.973,1.004
20231031,588120.SH,1.004,1.004,1.006,0.991,0.998,-0.006,-0.5976,2190208.0,218397.33,1.004,1.006,0.991,0.998
20231101,588120.SH,0.998,1.001,1.001,0.988,0.991,-0.007,-0.7014,2368881.0,235033.958,1.001,1.001,0.988,0.991
20231102,588120.SH,0.991,0.994,0.996,0.975,0.976,-0.015,-1.5136,3669138.0,360446.314,0.994,0.996,0.975,0.976
20231103,588120.SH,0.976,0.979,1.001,0.977,0.998,0.022,2.2541,3525299.0,350579.368,0.979,1.001,0.977,0.998
20231106,588120.SH,0.998,1.012,1.032,1.005,1.03,0.032,3.2064,5032132.0,513969.518,1.012,1.032,1.005,1.03
20231107,588120.SH,1.03,1.029,1.036,1.02,1.029,-0.001,-0.0971,4544857.0,468057.703,1.029,1.036,1.02,1.029
20231108,588120.SH,1.029,1.028,1.05,1.027,1.044,0.015,1.4577,4939599.0,514232.108,1.028,1.05,1.027,1.044
20231109,588120.SH,1.044,1.043,1.054,1.036,1.039,-0.005,-0.4789,4874769.0,508010.32,1.043,1.054,1.036,1.039
20231110,588120.SH,1.039,1.035,1.048,1.029,1.044,0.005,0.4812,5053267.0,526968.658,1.035,1.048,1.029,1.044
20231113,588120.SH,1.044,1.047,1.052,1.04,1.048,0.004,0.3831,3265148.0,341543.726,1.047,1.052,1.04,1.048
20231114,588120.SH,1.048,1.046,1.057,1.044,1.056,0.008,0.7634,4310514.0,454313.202,1.046,1.057,1.044,1.056
20231115,588120.SH,1.056,1.069,1.077,1.051,1.055,-0.001,-0.0947,3594612.31,380637.9,1.069,1.077,1.051,1.055
20231116,588120.SH,1.055,1.051,1.051,1.033,1.035,-0.02,-1.8957,4416099.0,458765.666,1.051,1.051,1.033,1.035
20231117,588120.SH,1.035,1.031,1.041,1.03,1.04,0.005,0.4831,2935683.0,304321.857,1.031,1.041,1.03,1.04
20231120,588120.SH,1.04,1.038,1.048,1.032,1.044,0.004,0.3846,2917073.66,303169.02,1.038,1.048,1.032,1.044
20231121,588120.SH,1.044,1.046,1.048,1.035,1.037,-0.007,-0.6705,2707445.29,282097.205,1.046,1.048,1.035,1.037
20231122,588120.SH,1.037,1.035,1.039,1.017,1.019,-0.018,-1.7358,3521604.9,361246.877,1.035,1.039,1.017,1.019
20231123,588120.SH,1.019,1.019,1.033,1.012,1.031,0.012,1.1776,4120708.0,421765.544,1.019,1.033,1.012,1.031
20231124,588120.SH,1.031,1.03,1.03,1.012,1.015,-0.016,-1.5519,3193515.75,324578.079,1.03,1.03,1.012,1.015
20231127,588120.SH,1.015,1.011,1.025,1.011,1.022,0.007,0.6897,4662651.0,475502.088,1.011,1.025,1.011,1.022
20231128,588120.SH,1.022,1.022,1.035,1.018,1.033,0.011,1.0763,3573693.0,367889.468,1.022,1.035,1.018,1.033
20231129,588120.SH,1.033,1.033,1.041,1.03,1.034,0.001,0.0968,3402336.0,352521.836,1.033,1.041,1.03,1.034
20231130,588120.SH,1.034,1.032,1.034,1.022,1.03,-0.004,-0.3868,3361019.06,344955.959,1.032,1.034,1.022,1.03
20231201,588120.SH,1.03,1.028,1.033,1.019,1.032,0.002,0.1942,3595605.0,368705.709,1.028,1.033,1.019,1.032
20231204,588120.SH,1.032,1.033,1.034,1.018,1.018,-0.014,-1.3566,2927886.0,299749.187,1.033,1.034,1.018,1.018
20231205,588120.SH,1.018,1.015,1.017,1.003,1.005,-0.013,-1.277,3319582.0,335312.636,1.015,1.017,1.003,1.005
20231206,588120.SH,1.005,1.002,1.016,1.0,1.006,0.001,0.0995,3279132.0,330653.633,1.002,1.016,1.0,1.006
20231207,588120.SH,1.006,1.006,1.007,0.994,1.003,-0.003,-0.2982,3633069.0,363379.963,1.006,1.007,0.994,1.003
20231208,588120.SH,1.003,1.005,1.008,0.998,1.002,-0.001,-0.0997,3095541.0,310068.843,1.005,1.008,0.998,1.002
20231211,588120.SH,1.002,1.001,1.018,0.987,1.016,0.014,1.3972,4164529.0,418287.617,1.001,1.018,0.987,1.016
20231212,588120.SH,1.016,1.013,1.016,1.007,1.01,-0.006,-0.5906,2837385.0,286885.051,1.013,1.016,1.007,1.01
20231213,588120.SH,1.01,1.009,1.014,0.999,0.999,-0.011,-1.0891,3111073.0,313283.218,1.009,1.014,0.999,0.999
20231214,588120.SH,0.999,1.003,1.012,0.999,1.002,0.003,0.3003,3439971.0,345237.612,1.003,1.012,0.999,1.002
20231215,588120.SH,1.002,1.005,1.006,0.983,0.988,-0.014,-1.3972,3493407.0,347167.045,1.005,1.006,0.983,0.988
20231218,588120.SH,0.988,0.985,0.986,0.963,0.965,-0.023,-2.3279,4198427.0,408469.591,0.985,0.986,0.963,0.965
20231219,588120.SH,0.965,0.966,0.974,0.96,0.967,0.002,0.2073,2783067.0,268804.157,0.966,0.974,0.96,0.967
20231220,588120.SH,0.967,0.969,0.971,0.95,0.952,-0.015,-1.5512,2630829.0,252453.008,0.969,0.971,0.95,0.952
20231221,588120.SH,0.952,0.95,0.96,0.939,0.954,0.002,0.2101,3111580.0,295097.347,0.95,0.96,0.939,0.954
20231222,588120.SH,0.954,0.95,0.956,0.941,0.946,-0.008,-0.8386,2808733.0,266304.762,0.95,0.956,0.941,0.946
20231225,588120.SH,0.946,0.946,0.954,0.939,0.943,-0.003,-0.3171,2621394.0,247631.54,0.946,0.954,0.939,0.943
20231226,588120.SH,0.943,0.946,0.946,0.922,0.927,-0.016,-1.6967,2579235.0,239467.056,0.946,0.946,0.922,0.927
20231227,588120.SH,0.927,0.929,0.939,0.924,0.938,0.011,1.1866,2548028.0,237209.678,0.929,0.939,0.924,0.938
20231228,588120.SH,0.938,0.937,0.965,0.932,0.962,0.024,2.5586,5579303.0,531743.983,0.937,0.965,0.932,0.962
20231229,588120.SH,0.962,0.963,0.981,0.96,0.98,0.018,1.8711,4762476.0,463622.981,0.963,0.981,0.96,0.98
20240102,588120.SH,0.98,0.98,0.98,0.955,0.955,-0.025,-2.551,3591935.0,345508.581,0.98,0.98,0.955,0.955
20240103,588120.SH,0.955,0.95,0.956,0.935,0.94,-0.015,-1.5707,5199418.05,490470.341,0.95,0.956,0.935,0.94
20240104,588120.SH,0.94,0.939,0.94,0.924,0.929,-0.011,-1.1702,3344060.0,311050.483,0.939,0.94,0.924,0.929
20240105,588120.SH,0.929,0.926,0.933,0.899,0.908,-0.021,-2.2605,4459875.95,409019.054,0.926,0.933,0.899,0.908
20240108,588120.SH,0.908,0.903,0.903,0.879,0.88,-0.028,-3.0837,5408455.0,479577.499,0.903,0.903,0.879,0.88
20240109,588120.SH,0.88,0.883,0.894,0.876,0.884,0.004,0.4545,3956982.0,350037.122,0.883,0.894,0.876,0.884
20240110,588120.SH,0.884,0.881,0.896,0.87,0.88,-0.004,-0.4525,4087453.0,361349.064,0.881,0.896,0.87,0.88
20240111,588120.SH,0.88,0.882,0.903,0.879,0.899,0.019,2.1591,3849558.0,343331.162,0.882,0.903,0.879,0.899
20240112,588120.SH,0.899,0.895,0.903,0.884,0.885,-0.014,-1.5573,3896687.0,348227.844,0.895,0.903,0.884,0.885
20240115,588120.SH,0.885,0.877,0.891,0.873,0.879,-0.006,-0.678,3341066.0,294640.088,0.877,0.891,0.873,0.879
20240116,588120.SH,0.879,0.875,0.883,0.865,0.877,-0.002,-0.2275,4052376.0,354304.338,0.875,0.883,0.865,0.877
20240117,588120.SH,0.877,0.876,0.877,0.844,0.845,-0.032,-3.6488,4118291.0,354325.213,0.876,0.877,0.844,0.845
20240118,588120.SH,0.845,0.842,0.85,0.822,0.848,0.003,0.355,4614991.0,384475.746,0.842,0.85,0.822,0.848
20240119,588120.SH,0.848,0.852,0.859,0.837,0.838,-0.01,-1.1792,5429003.0,459356.905,0.852,0.859,0.837,0.838
20240122,588120.SH,0.838,0.834,0.835,0.782,0.79,-0.048,-5.7279,5743992.93,467279.108,0.834,0.835,0.782,0.79
20240123,588120.SH,0.79,0.785,0.807,0.78,0.801,0.011,1.3924,4479080.0,357187.058,0.785,0.807,0.78,0.801
20240124,588120.SH,0.801,0.805,0.81,0.771,0.799,-0.002,-0.2497,4661165.0,368257.919,0.805,0.81,0.771,0.799
20240125,588120.SH,0.799,0.795,0.824,0.789,0.822,0.023,2.8786,4010349.42,323758.593,0.795,0.824,0.789,0.822
20240126,588120.SH,0.822,0.819,0.819,0.794,0.796,-0.026,-3.163,4146535.67,335630.015,0.819,0.819,0.794,0.796
20240129,588120.SH,0.796,0.807,0.809,0.773,0.774,-0.022,-2.7638,3565768.78,280660.54,0.807,0.809,0.773,0.774
20240130,588120.SH,0.774,0.764,0.776,0.748,0.749,-0.025,-3.23,4149599.0,317553.053,0.764,0.776,0.748,0.749
20240131,588120.SH,0.749,0.743,0.753,0.718,0.72,-0.029,-3.8718,5367354.35,394774.443,0.743,0.753,0.718,0.72
20240201,588120.SH,0.72,0.715,0.744,0.711,0.723,0.003,0.4167,6605161.0,480406.54,0.715,0.744,0.711,0.723
20240202,588120.SH,0.723,0.723,0.727,0.671,0.694,-0.029,-4.0111,5796157.45,408178.732,0.723,0.727,0.671,0.694
20240205,588120.SH,0.694,0.683,0.693,0.636,0.663,-0.031,-4.4669,5465242.0,365053.305,0.683,0.693,0.636,0.663
20240206,588120.SH,0.663,0.649,0.731,0.648,0.73,0.067,10.1056,5531750.55,382873.741,0.649,0.731,0.648,0.73
20240207,588120.SH,0.73,0.732,0.777,0.728,0.772,0.042,5.7534,5131651.91,391955.343,0.732,0.777,0.728,0.772
20240208,588120.SH,0.772,0.779,0.822,0.775,0.793,0.021,2.7202,7589529.54,604697.345,0.779,0.822,0.775,0.793
20240219,588120.SH,0.793,0.805,0.809,0.77,0.782,-0.011,-1.3871,3836285.0,301072.317,0.805,0.809,0.77,0.782
20240220,588120.SH,0.782,0.782,0.787,0.77,0.783,0.001,0.1279,2666049.01,207029.961,0.782,0.787,0.77,0.783
20240221,588120.SH,0.783,0.778,0.809,0.771,0.785,0.002,0.2554,2898424.75,229480.72,0.778,0.809,0.771,0.785
20240222,588120.SH,0.785,0.783,0.797,0.779,0.795,0.01,1.2739,2423272.0,191515.238,0.783,0.797,0.779,0.795
20240223,588120.SH,0.795,0.791,0.81,0.788,0.81,0.015,1.8868,3182948.09,253907.599,0.791,0.81,0.788,0.81
20240226,588120.SH,0.81,0.807,0.832,0.804,0.819,0.009,1.1111,3904271.0,319143.596,0.807,0.832,0.804,0.819
20240227,588120.SH,0.819,0.815,0.845,0.81,0.844,0.025,3.0525,3571017.0,295271.025,0.815,0.845,0.81,0.844
20240228,588120.SH,0.844,0.855,0.86,0.799,0.8,-0.044,-5.2133,4078156.0,340907.622,0.855,0.86,0.799,0.8
20240229,588120.SH,0.8,0.795,0.838,0.793,0.837,0.037,4.625,3621472.18,297817.269,0.795,0.838,0.793,0.837
20240301,588120.SH,0.837,0.839,0.846,0.828,0.845,0.008,0.9558,3079259.19,257512.957,0.839,0.846,0.828,0.845
20240304,588120.SH,0.845,0.845,0.849,0.831,0.846,0.001,0.1183,2399127.95,201956.954,0.845,0.849,0.831,0.846
20240305,588120.SH,0.846,0.84,0.843,0.828,0.835,-0.011,-1.3002,2516599.43,210482.786,0.84,0.843,0.828,0.835
20240306,588120.SH,0.835,0.832,0.843,0.815,0.83,-0.005,-0.5988,2802608.0,231881.13,0.832,0.843,0.815,0.83
20240307,588120.SH,0.83,0.83,0.837,0.806,0.808,-0.022,-2.6506,2971178.32,244648.933,0.83,0.837,0.806,0.808
20240308,588120.SH,0.808,0.807,0.825,0.807,0.821,0.013,1.6089,3016025.56,245943.496,0.807,0.825,0.807,0.821
20240311,588120.SH,0.821,0.818,0.846,0.817,0.846,0.025,3.0451,3188183.46,264926.982,0.818,0.846,0.817,0.846
20240312,588120.SH,0.846,0.846,0.858,0.841,0.849,0.003,0.3546,5022018.25,426009.159,0.846,0.858,0.841,0.849
20240313,588120.SH,0.849,0.849,0.86,0.845,0.854,0.005,0.5889,2640396.0,224800.483,0.849,0.86,0.845,0.854
20240314,588120.SH,0.854,0.858,0.866,0.842,0.849,-0.005,-0.5855,3482676.73,297682.551,0.858,0.866,0.842,0.849
20240315,588120.SH,0.849,0.847,0.859,0.84,0.859,0.01,1.1779,2433772.0,206445.126,0.847,0.859,0.84,0.859
20240318,588120.SH,0.859,0.865,0.881,0.855,0.88,0.021,2.4447,2372559.6,205604.921,0.865,0.881,0.855,0.88
20240319,588120.SH,0.88,0.877,0.878,0.867,0.868,-0.012,-1.3636,2759535.4,240913.969,0.877,0.878,0.867,0.868
20240320,588120.SH,0.868,0.865,0.875,0.863,0.873,0.005,0.576,3070918.11,267022.941,0.865,0.875,0.863,0.873
20240321,588120.SH,0.873,0.874,0.879,0.856,0.863,-0.01,-1.1455,7100146.33,613277.21,0.874,0.879,0.856,0.863
20240322,588120.SH,0.863,0.86,0.862,0.84,0.844,-0.019,-2.2016,4270422.3,363102.619,0.86,0.862,0.84,0.844
20240325,588120.SH,0.844,0.84,0.843,0.822,0.823,-0.021,-2.4882,3767108.17,314373.01,0.84,0.843,0.822,0.823
20240326,588120.SH,0.823,0.825,0.827,0.81,0.816,-0.007,-0.8505,5072912.95,415726.485,0.825,0.827,0.81,0.816
20240327,588120.SH,0.816,0.813,0.814,0.786,0.787,-0.029,-3.5539,3743099.26,299942.389,0.813,0.814,0.786,0.787
20240328,588120.SH,0.787,0.787,0.812,0.786,0.802,0.015,1.906,5711127.52,457044.364,0.787,0.812,0.786,0.802
20240329,588120.SH,0.802,0.801,0.807,0.79,0.806,0.004,0.4988,2566436.0,204796.036,0.801,0.807,0.79,0.806
20240401,588120.SH,0.806,0.81,0.823,0.81,0.821,0.015,1.861,2196653.0,179192.726,0.81,0.823,0.81,0.821
20240402,588120.SH,0.821,0.821,0.821,0.806,0.814,-0.007,-0.8526,2342255.0,190359.459,0.821,0.821,0.806,0.814
20240403,588120.SH,0.814,0.812,0.813,0.8,0.804,-0.01,-1.2285,2600548.0,209656.47,0.812,0.813,0.8,0.804
20240408,588120.SH,0.804,0.798,0.799,0.779,0.781,-0.023,-2.8607,2543355.28,200472.914,0.798,0.799,0.779,0.781
20240409,588120.SH,0.781,0.782,0.805,0.78,0.804,0.023,2.9449,2835696.28,224253.658,0.782,0.805,0.78,0.804
20240410,588120.SH,0.804,0.803,0.803,0.782,0.788,-0.016,-1.99,2737026.0,216304.971,0.803,0.803,0.782,0.788
20240411,588120.SH,0.788,0.784,0.793,0.78,0.782,-0.006,-0.7614,2889828.0,227507.852,0.784,0.793,0.78,0.782
20240412,588120.SH,0.782,0.78,0.787,0.773,0.773,-0.009,-1.1509,3064305.0,239041.449,0.78,0.787,0.773,0.773
20240415,588120.SH,0.773,0.771,0.784,0.762,0.772,-0.001,-0.1294,2991737.0,231834.35,0.771,0.784,0.762,0.772
20240416,588120.SH,0.772,0.769,0.77,0.74,0.745,-0.027,-3.4974,3256187.0,245538.216,0.769,0.77,0.74,0.745
20240417,588120.SH,0.745,0.751,0.767,0.749,0.766,0.021,2.8188,2881547.0,219007.078,0.751,0.767,0.749,0.766
20240418,588120.SH,0.766,0.763,0.782,0.755,0.769,0.003,0.3916,3778294.99,291388.797,0.763,0.782,0.755,0.769
20240419,588120.SH,0.769,0.763,0.766,0.747,0.754,-0.015,-1.9506,2685365.0,202780.501,0.763,0.766,0.747,0.754
20240422,588120.SH,0.754,0.746,0.767,0.74,0.763,0.009,1.1936,3029354.0,229266.243,0.746,0.767,0.74,0.763
20240423,588120.SH,0.763,0.762,0.772,0.756,0.768,0.005,0.6553,2313907.0,176463.623,0.762,0.772,0.756,0.768
20240424,588120.SH,0.768,0.768,0.778,0.761,0.777,0.009,1.1719,2725335.0,209873.162,0.768,0.778,0.761,0.777
20240425,588120.SH,0.777,0.775,0.791,0.773,0.781,0.004,0.5148,3034118.46,237873.76,0.775,0.791,0.773,0.781
20240426,588120.SH,0.781,0.779,0.807,0.779,0.802,0.021,2.6889,3231575.46,257791.252,0.779,0.807,0.779,0.802
20240429,588120.SH,0.802,0.81,0.837,0.81,0.832,0.03,3.7406,2738915.72,226015.516,0.81,0.837,0.81,0.832
20240430,588120.SH,0.832,0.829,0.833,0.824,0.827,-0.005,-0.601,2163135.01,179164.911,0.829,0.833,0.824,0.827
20240506,588120.SH,0.827,0.845,0.852,0.838,0.848,0.021,2.5393,2441499.26,206579.696,0.845,0.852,0.838,0.848
20240507,588120.SH,0.848,0.843,0.849,0.84,0.847,-0.001,-0.1179,2280769.0,192762.444,0.843,0.849,0.84,0.847
20240508,588120.SH,0.847,0.843,0.845,0.83,0.833,-0.014,-1.6529,2214412.38,185350.17,0.843,0.845,0.83,0.833
20240509,588120.SH,0.833,0.831,0.854,0.831,0.849,0.016,1.9208,2379574.0,201544.312,0.831,0.854,0.831,0.849
20240510,588120.SH,0.849,0.849,0.853,0.831,0.835,-0.014,-1.649,2039919.0,170811.937,0.849,0.853,0.831,0.835
20240513,588120.SH,0.835,0.825,0.83,0.818,0.822,-0.013,-1.5569,2112759.0,174161.685,0.825,0.83,0.818,0.822
20240514,588120.SH,0.822,0.824,0.832,0.82,0.823,0.001,0.1217,1944678.0,160438.119,0.824,0.832,0.82,0.823
20240515,588120.SH,0.823,0.823,0.823,0.81,0.812,-0.011,-1.3366,1956059.0,159572.664,0.823,0.823,0.81,0.812
20240516,588120.SH,0.812,0.813,0.818,0.805,0.807,-0.005,-0.6158,2147109.0,174654.689,0.813,0.818,0.805,0.807
20240517,588120.SH,0.807,0.807,0.822,0.805,0.822,0.015,1.8587,2054229.0,166863.791,0.807,0.822,0.805,0.822
20240520,588120.SH,0.822,0.822,0.832,0.815,0.82,-0.002,-0.2433,2185404.0,180048.381,0.822,0.832,0.815,0.82
20240521,588120.SH,0.82,0.821,0.822,0.808,0.811,-0.009,-1.0976,1837985.0,149590.106,0.821,0.822,0.808,0.811
20240522,588120.SH,0.811,0.813,0.817,0.805,0.815,0.004,0.4932,2158077.0,174943.26,0.813,0.817,0.805,0.815
20240523,588120.SH,0.815,0.814,0.814,0.796,0.799,-0.016,-1.9632,2167442.0,173992.657,0.814,0.814,0.796,0.799
20240524,588120.SH,0.799,0.796,0.799,0.78,0.78,-0.019,-2.378,2277588.0,180204.125,0.796,0.799,0.78,0.78
20240527,588120.SH,0.78,0.785,0.791,0.766,0.789,0.009,1.1538,2778080.0,215067.709,0.785,0.791,0.766,0.789
20240528,588120.SH,0.789,0.789,0.793,0.78,0.784,-0.005,-0.6337,2032309.0,159998.775,0.789,0.793,0.78,0.784
20240529,588120.SH,0.784,0.784,0.793,0.776,0.782,-0.002,-0.2551,1762657.26,138609.327,0.784,0.793,0.776,0.782
20240530,588120.SH,0.782,0.777,0.79,0.774,0.786,0.004,0.5115,2186463.0,171249.486,0.777,0.79,0.774,0.786
20240531,588120.SH,0.786,0.788,0.797,0.787,0.789,0.003,0.3817,1777399.0,140716.942,0.788,0.797,0.787,0.789
20240603,588120.SH,0.789,0.788,0.795,0.779,0.785,-0.004,-0.507,1804450.0,142103.086,0.788,0.795,0.779,0.785
20240604,588120.SH,0.785,0.781,0.79,0.779,0.79,0.005,0.6369,2116904.0,165855.073,0.781,0.79,0.779,0.79
20240605,588120.SH,0.79,0.788,0.797,0.785,0.787,-0.003,-0.3797,1805884.0,143296.496,0.788,0.797,0.785,0.787
20240606,588120.SH,0.787,0.789,0.792,0.766,0.768,-0.019,-2.4142,3120565.0,243090.33,0.789,0.792,0.766,0.768
20240607,588120.SH,0.768,0.774,0.778,0.759,0.765,-0.003,-0.3906,2455237.0,188661.269,0.774,0.778,0.759,0.765
20240611,588120.SH,0.765,0.76,0.787,0.756,0.786,0.021,2.7451,2272890.0,175002.837,0.76,0.787,0.756,0.786
20240612,588120.SH,0.786,0.786,0.792,0.781,0.781,-0.005,-0.6361,1605654.0,126336.14,0.786,0.792,0.781,0.781
20240613,588120.SH,0.781,0.785,0.8,0.78,0.797,0.016,2.0487,2293367.0,181178.502,0.785,0.8,0.78,0.797
20240614,588120.SH,0.797,0.79,0.791,0.78,0.787,-0.01,-1.2547,2351122.0,184706.514,0.79,0.791,0.78,0.787
20240617,588120.SH,0.787,0.786,0.795,0.779,0.793,0.006,0.7624,1896358.0,149871.536,0.786,0.795,0.779,0.793
20240618,588120.SH,0.793,0.793,0.799,0.786,0.791,-0.002,-0.2522,1556414.0,123426.718,0.793,0.799,0.786,0.791
20240619,588120.SH,0.791,0.795,0.795,0.774,0.778,-0.013,-1.6435,2219836.0,173083.786,0.795,0.795,0.774,0.778
20240620,588120.SH,0.778,0.784,0.793,0.774,0.78,0.002,0.2571,2884738.0,226288.355,0.784,0.793,0.774,0.78
20240621,588120.SH,0.78,0.772,0.78,0.767,0.778,-0.002,-0.2564,2245357.0,173887.02,0.772,0.78,0.767,0.778
20240624,588120.SH,0.778,0.774,0.78,0.75,0.752,-0.026,-3.3419,2648247.0,203210.251,0.774,0.78,0.75,0.752
20240625,588120.SH,0.752,0.752,0.754,0.729,0.734,-0.018,-2.3936,2352397.0,174604.691,0.752,0.754,0.729,0.734
20240626,588120.SH,0.734,0.731,0.756,0.729,0.754,0.02,2.7248,2775678.4,205310.971,0.731,0.756,0.729,0.754
20240627,588120.SH,0.754,0.748,0.753,0.734,0.737,-0.017,-2.2546,2509777.0,186178.594,0.748,0.753,0.734,0.737
20240628,588120.SH,0.737,0.735,0.75,0.729,0.733,-0.004,-0.5427,2658215.0,197558.592,0.735,0.75,0.729,0.733
20240701,588120.SH,0.733,0.731,0.733,0.712,0.724,-0.009,-1.2278,2820658.0,203137.87,0.731,0.733,0.712,0.724
20240702,588120.SH,0.724,0.726,0.727,0.712,0.715,-0.009,-1.2431,2077907.0,149566.633,0.726,0.727,0.712,0.715
20240703,588120.SH,0.715,0.715,0.721,0.705,0.712,-0.003,-0.4196,2020422.0,143730.387,0.715,0.721,0.705,0.712
20240704,588120.SH,0.712,0.712,0.716,0.696,0.698,-0.014,-1.9663,2225067.0,157415.248,0.712,0.716,0.696,0.698
20240705,588120.SH,0.698,0.694,0.715,0.69,0.709,0.011,1.5759,2497463.0,174244.263,0.694,0.715,0.69,0.709
20240708,588120.SH,0.709,0.706,0.706,0.687,0.69,-0.019,-2.6798,2347084.0,163584.302,0.706,0.706,0.687,0.69
20240709,588120.SH,0.69,0.688,0.706,0.682,0.7,0.01,1.4493,2679972.0,185618.625,0.688,0.706,0.682,0.7
20240710,588120.SH,0.7,0.697,0.706,0.695,0.696,-0.004,-0.5714,2045256.0,143401.298,0.697,0.706,0.695,0.696
20240711,588120.SH,0.696,0.708,0.719,0.702,0.714,0.018,2.5862,2538520.0,180360.436,0.708,0.719,0.702,0.714
20240712,588120.SH,0.714,0.712,0.722,0.711,0.719,0.005,0.7003,1913959.0,136836.1,0.712,0.722,0.711,0.719
20240715,588120.SH,0.719,0.716,0.72,0.705,0.708,-0.011,-1.5299,1600000.0,113948.743,0.716,0.72,0.705,0.708
20240716,588120.SH,0.708,0.707,0.718,0.702,0.714,0.006,0.8475,1540171.0,109377.365,0.707,0.718,0.702,0.714
20240717,588120.SH,0.714,0.714,0.722,0.708,0.716,0.002,0.2801,1429914.0,102285.661,0.714,0.722,0.708,0.716
20240718,588120.SH,0.716,0.71,0.727,0.706,0.722,0.006,0.838,1694215.31,121109.494,0.71,0.727,0.706,0.722
20240719,588120.SH,0.722,0.718,0.741,0.716,0.734,0.012,1.662,2320638.84,169653.421,0.718,0.741,0.716,0.734
20240722,588120.SH,0.734,0.733,0.743,0.732,0.737,0.003,0.4087,1516091.0,111944.914,0.733,0.743,0.732,0.737
20240723,588120.SH,0.737,0.735,0.739,0.706,0.706,-0.031,-4.2062,1769821.0,127663.393,0.735,0.739,0.706,0.706
20240724,588120.SH,0.706,0.703,0.708,0.688,0.69,-0.016,-2.2663,1876811.0,131042.847,0.703,0.708,0.688,0.69
20240725,588120.SH,0.69,0.686,0.703,0.685,0.694,0.004,0.5797,1582982.0,109777.921,0.686,0.703,0.685,0.694
20240726,588120.SH,0.694,0.695,0.701,0.688,0.697,0.003,0.4323,1550387.0,107836.473,0.695,0.701,0.688,0.697
20240729,588120.SH,0.697,0.697,0.698,0.685,0.685,-0.012,-1.7217,1393751.0,96249.457,0.697,0.698,0.685,0.685
20240730,588120.SH,0.685,0.684,0.696,0.679,0.688,0.003,0.438,1387735.0,95253.559,0.684,0.696,0.679,0.688
20240731,588120.SH,0.688,0.689,0.731,0.684,0.73,0.042,6.1047,2206757.0,156814.32,0.689,0.731,0.684,0.73
20240801,588120.SH,0.73,0.732,0.737,0.716,0.726,-0.004,-0.5479,1741342.0,126302.538,0.732,0.737,0.716,0.726
20240802,588120.SH,0.726,0.716,0.732,0.709,0.711,-0.015,-2.0661,1726182.0,124721.643,0.716,0.732,0.709,0.711
20240805,588120.SH,0.711,0.708,0.724,0.693,0.693,-0.018,-2.5316,1866019.0,132074.243,0.708,0.724,0.693,0.693
20240806,588120.SH,0.693,0.702,0.712,0.699,0.709,0.016,2.3088,1380329.0,97275.848,0.702,0.712,0.699,0.709
20240807,588120.SH,0.709,0.709,0.714,0.704,0.708,-0.001,-0.141,1418182.0,100591.918,0.709,0.714,0.704,0.708
20240808,588120.SH,0.708,0.708,0.716,0.696,0.708,0.0,0.0,1388797.38,97607.335,0.708,0.716,0.696,0.708
20240809,588120.SH,0.708,0.714,0.717,0.7,0.7,-0.008,-1.1299,1680013.0,119135.125,0.714,0.717,0.7,0.7
20240812,588120.SH,0.7,0.698,0.704,0.695,0.699,-0.001,-0.1429,1454163.0,101658.141,0.698,0.704,0.695,0.699
20240813,588120.SH,0.699,0.697,0.701,0.692,0.7,0.001,0.1431,1663219.27,115796.584,0.697,0.701,0.692,0.7
20240814,588120.SH,0.7,0.7,0.701,0.688,0.688,-0.012,-1.7143,1393775.27,96458.27,0.7,0.701,0.688,0.688
20240815,588120.SH,0.688,0.685,0.705,0.685,0.693,0.005,0.7267,1736410.09,120641.095,0.685,0.705,0.685,0.693
20240816,588120.SH,0.693,0.692,0.696,0.689,0.689,-0.004,-0.5772,1578623.0,109203.662,0.692,0.696,0.689,0.689
20240819,588120.SH,0.689,0.691,0.699,0.686,0.688,-0.001,-0.1451,1335719.0,92469.159,0.691,0.699,0.686,0.688
20240820,588120.SH,0.688,0.688,0.688,0.67,0.672,-0.016,-2.3256,1455786.0,98442.148,0.688,0.688,0.67,0.672
20240821,588120.SH,0.672,0.669,0.677,0.668,0.672,0.0,0.0,599268.0,40334.519,0.669,0.677,0.668,0.672
20240822,588120.SH,0.672,0.674,0.678,0.666,0.668,-0.004,-0.5952,1163354.0,77944.22,0.674,0.678,0.666,0.668
20240823,588120.SH,0.668,0.667,0.668,0.66,0.663,-0.005,-0.7485,1941738.0,128735.168,0.667,0.668,0.66,0.663
20240826,588120.SH,0.663,0.663,0.673,0.661,0.664,0.001,0.1508,1280664.0,85488.536,0.663,0.673,0.661,0.664
20240827,588120.SH,0.664,0.663,0.665,0.657,0.659,-0.005,-0.753,1103632.37,72884.091,0.663,0.665,0.657,0.659
20240828,588120.SH,0.659,0.659,0.665,0.655,0.659,0.0,0.0,739564.0,48740.619,0.659,0.665,0.655,0.659
20240829,588120.SH,0.659,0.658,0.677,0.656,0.673,0.014,2.1244,1534222.51,102436.007,0.658,0.677,0.656,0.673
20240830,588120.SH,0.673,0.672,0.693,0.672,0.683,0.01,1.4859,2004235.99,137580.533,0.672,0.693,0.672,0.683
20240902,588120.SH,0.683,0.68,0.683,0.659,0.66,-0.023,-3.3675,1100616.29,73665.52,0.68,0.683,0.659,0.66
20240903,588120.SH,0.66,0.657,0.674,0.657,0.667,0.007,1.0606,1069807.0,71425.887,0.657,0.674,0.657,0.667
20240904,588120.SH,0.667,0.662,0.676,0.66,0.669,0.002,0.2999,924108.0,61876.029,0.662,0.676,0.66,0.669
20240905,588120.SH,0.669,0.67,0.683,0.67,0.675,0.006,0.8969,732569.9,49532.897,0.67,0.683,0.67,0.675
20240906,588120.SH,0.675,0.675,0.675,0.657,0.659,-0.016,-2.3704,866648.18,57623.751,0.675,0.675,0.657,0.659
20240909,588120.SH,0.659,0.654,0.662,0.65,0.652,-0.007,-1.0622,1049707.0,68765.722,0.654,0.662,0.65,0.652
20240910,588120.SH,0.652,0.651,0.662,0.643,0.658,0.006,0.9202,1165375.0,75845.438,0.651,0.662,0.643,0.658
20240911,588120.SH,0.658,0.658,0.666,0.654,0.664,0.006,0.9119,959297.0,63456.731,0.658,0.666,0.654,0.664
20240912,588120.SH,0.664,0.665,0.675,0.659,0.66,-0.004,-0.6024,1040065.0,69285.386,0.665,0.675,0.659,0.66
20240913,588120.SH,0.66,0.659,0.662,0.649,0.65,-0.01,-1.5152,1197433.0,78540.554,0.659,0.662,0.649,0.65
20240918,588120.SH,0.65,0.65,0.653,0.642,0.649,-0.001,-0.1538,818460.0,53051.879,0.65,0.653,0.642,0.649
20240919,588120.SH,0.649,0.65,0.665,0.643,0.651,0.002,0.3082,1314388.0,85877.803,0.65,0.665,0.643,0.651
20240920,588120.SH,0.651,0.651,0.653,0.637,0.643,-0.008,-1.2289,1155516.0,74401.066,0.651,0.653,0.637,0.643
20240923,588120.SH,0.643,0.642,0.649,0.633,0.634,-0.009,-1.3997,1070452.0,68490.617,0.642,0.649,0.633,0.634
20240924,588120.SH,0.634,0.64,0.663,0.632,0.663,0.029,4.5741,2109835.0,136589.259,0.64,0.663,0.632,0.663
20240925,588120.SH,0.663,0.67,0.682,0.662,0.663,0.0,0.0,2631351.0,176651.243,0.67,0.682,0.662,0.663
20240926,588120.SH,0.663,0.66,0.698,0.658,0.697,0.034,5.1282,2010253.97,135698.416,0.66,0.698,0.658,0.697
20240927,588120.SH,0.697,0.71,0.76,0.705,0.752,0.055,7.891,1342904.0,97631.942,0.71,0.76,0.705,0.752
20240930,588120.SH,0.752,0.81,0.902,0.78,0.902,0.15,19.9468,5458045.0,459866.909,0.81,0.902,0.78,0.902
20241008,588120.SH,0.902,1.082,1.082,0.95,1.082,0.18,19.9557,11211038.0,1178339.152,1.082,1.082,0.95,1.082
20241009,588120.SH,1.082,0.99,1.03,0.912,0.933,-0.149,-13.7708,8193814.0,804486.314,0.99,1.03,0.912,0.933
20241010,588120.SH,0.933,0.933,0.961,0.902,0.905,-0.028,-3.0011,3985406.0,369687.827,0.933,0.961,0.902,0.905
20241011,588120.SH,0.905,0.882,0.9,0.827,0.843,-0.062,-6.8508,3689266.0,315520.128,0.882,0.9,0.827,0.843
20241014,588120.SH,0.843,0.843,0.863,0.813,0.86,0.017,2.0166,3293442.0,276916.984,0.843,0.863,0.813,0.86
20241015,588120.SH,0.86,0.846,0.873,0.834,0.836,-0.024,-2.7907,2497917.0,213450.48,0.846,0.873,0.834,0.836
20241016,588120.SH,0.836,0.819,0.843,0.818,0.824,-0.012,-1.4354,2060216.58,170419.843,0.819,0.843,0.818,0.824
20241017,588120.SH,0.824,0.83,0.848,0.828,0.83,0.006,0.7282,1738160.26,145784.398,0.83,0.848,0.828,0.83
20241018,588120.SH,0.83,0.828,0.945,0.823,0.904,0.074,8.9157,3987211.87,350602.709,0.828,0.945,0.823,0.904
20241021,588120.SH,0.904,0.911,0.947,0.9,0.911,0.007,0.7743,3253855.64,299197.955,0.911,0.947,0.9,0.911
20241022,588120.SH,0.911,0.901,0.913,0.887,0.899,-0.012,-1.3172,2555936.0,229618.957,0.901,0.913,0.887,0.899
20241023,588120.SH,0.899,0.9,0.924,0.894,0.904,0.005,0.5562,1946363.0,177028.831,0.9,0.924,0.894,0.904
20241024,588120.SH,0.904,0.9,0.906,0.892,0.895,-0.009,-0.9956,1350796.0,121386.665,0.9,0.906,0.892,0.895
20241025,588120.SH,0.895,0.895,0.926,0.895,0.914,0.019,2.1229,2040079.6,185771.853,0.895,0.926,0.895,0.914
20241028,588120.SH,0.914,0.912,0.918,0.903,0.915,0.001,0.1094,1030181.0,93934.214,0.912,0.918,0.903,0.915
20241029,588120.SH,0.915,0.918,0.922,0.893,0.893,-0.022,-2.4044,2023234.0,183127.274,0.918,0.922,0.893,0.893
20241030,588120.SH,0.893,0.887,0.898,0.873,0.885,-0.008,-0.8959,1095497.0,97216.012,0.887,0.898,0.873,0.885
20241031,588120.SH,0.885,0.881,0.903,0.874,0.894,0.009,1.0169,1943186.6,173523.776,0.881,0.903,0.874,0.894
20241101,588120.SH,0.894,0.89,0.896,0.863,0.864,-0.03,-3.3557,1781039.0,156171.797,0.89,0.896,0.863,0.864
20241104,588120.SH,0.864,0.861,0.887,0.861,0.886,0.022,2.5463,1033154.0,90810.943,0.861,0.887,0.861,0.886
20241105,588120.SH,0.886,0.886,0.935,0.882,0.931,0.045,5.079,2223784.0,204137.252,0.886,0.935,0.882,0.931
20241106,588120.SH,0.931,0.936,0.96,0.927,0.935,0.004,0.4296,2838848.0,266937.957,0.936,0.96,0.927,0.935
20241107,588120.SH,0.935,0.928,0.959,0.926,0.958,0.023,2.4599,1819968.0,172010.797,0.928,0.959,0.926,0.958
20241108,588120.SH,0.958,0.984,0.999,0.97,0.972,0.014,1.4614,2240730.0,219991.224,0.984,0.999,0.97,0.972
20241111,588120.SH,0.972,0.975,1.027,0.97,1.027,0.055,5.6584,2204041.21,222621.253,0.975,1.027,0.97,1.027
20241112,588120.SH,1.027,1.031,1.037,0.995,1.006,-0.021,-2.0448,1757582.21,178334.905,1.031,1.037,0.995,1.006
20241113,588120.SH,1.006,1.001,1.009,0.982,1.007,0.001,0.0994,1396375.0,139232.94,1.001,1.009,0.982,1.007
20241114,588120.SH,1.007,1.007,1.009,0.968,0.97,-0.037,-3.6743,1399648.49,138515.378,1.007,1.009,0.968,0.97
20241115,588120.SH,0.97,0.967,0.975,0.93,0.934,-0.036,-3.7113,1625788.0,155072.488,0.967,0.975,0.93,0.934
20241118,588120.SH,0.934,0.932,0.935,0.897,0.902,-0.032,-3.4261,1724287.0,157745.65,0.932,0.935,0.897,0.902
20241119,588120.SH,0.902,0.903,0.935,0.899,0.935,0.033,3.6585,1648563.0,151195.806,0.903,0.935,0.899,0.935
20241120,588120.SH,0.935,0.933,0.958,0.929,0.955,0.02,2.139,1414112.0,133655.876,0.933,0.958,0.929,0.955
20241121,588120.SH,0.955,0.95,0.965,0.943,0.952,-0.003,-0.3141,948625.0,90577.611,0.95,0.965,0.943,0.952
20241122,588120.SH,0.952,0.95,0.959,0.909,0.911,-0.041,-4.3067,1331199.0,124574.229,0.95,0.959,0.909,0.911
20241125,588120.SH,0.911,0.91,0.919,0.895,0.913,0.002,0.2195,1131727.0,102670.42,0.91,0.919,0.895,0.913
20241126,588120.SH,0.913,0.911,0.929,0.901,0.903,-0.01,-1.0953,1150913.0,105224.026,0.911,0.929,0.901,0.903
20241127,588120.SH,0.903,0.899,0.936,0.883,0.931,0.028,3.1008,1703432.0,153691.38,0.899,0.936,0.883,0.931
20241128,588120.SH,0.931,0.932,0.941,0.919,0.922,-0.009,-0.9667,1135512.11,105492.494,0.932,0.941,0.919,0.922
20241129,588120.SH,0.922,0.921,0.957,0.913,0.942,0.02,2.1692,1710073.66,160238.999,0.921,0.957,0.913,0.942
20241202,588120.SH,0.942,0.942,0.964,0.938,0.956,0.014,1.4862,1410047.09,134636.629,0.942,0.964,0.938,0.956
20241203,588120.SH,0.956,0.956,0.959,0.937,0.947,-0.009,-0.9414,1164640.65,110238.662,0.956,0.959,0.937,0.947
20241204,588120.SH,0.947,0.952,0.958,0.928,0.934,-0.013,-1.3728,975342.76,91833.741,0.952,0.958,0.928,0.934
20241205,588120.SH,0.934,0.927,0.948,0.926,0.94,0.006,0.6424,1045711.0,98301.068,0.927,0.948,0.926,0.94
20241206,588120.SH,0.94,0.943,0.963,0.928,0.952,0.012,1.2766,1803296.0,171010.842,0.943,0.963,0.928,0.952
20241209,588120.SH,0.952,0.949,0.955,0.934,0.94,-0.012,-1.2605,1117904.0,105564.52,0.949,0.955,0.934,0.94
20241210,588120.SH,0.94,0.991,0.991,0.955,0.96,0.02,2.1277,1841149.0,178055.347,0.991,0.991,0.955,0.96
20241211,588120.SH,0.96,0.954,0.971,0.952,0.965,0.005,0.5208,1176704.68,113164.703,0.954,0.971,0.952,0.965
20241212,588120.SH,0.965,0.964,0.969,0.953,0.966,0.001,0.1036,1189905.84,114482.329,0.964,0.969,0.953,0.966
20241213,588120.SH,0.966,0.96,0.963,0.944,0.945,-0.021,-2.1739,1031530.09,98167.315,0.96,0.963,0.944,0.945
20241216,588120.SH,0.945,0.94,0.95,0.92,0.925,-0.02,-2.1164,906234.0,84270.207,0.94,0.95,0.92,0.925
20241217,588120.SH,0.925,0.923,0.928,0.911,0.914,-0.011,-1.1892,896357.06,82424.99,0.923,0.928,0.911,0.914
20241218,588120.SH,0.914,0.919,0.934,0.909,0.927,0.013,1.4223,1128104.1,104045.403,0.919,0.934,0.909,0.927
20241219,588120.SH,0.927,0.916,0.934,0.911,0.929,0.002,0.2157,992519.0,91753.056,0.916,0.934,0.911,0.929
20241220,588120.SH,0.929,0.928,0.96,0.925,0.946,0.017,1.8299,1193469.22,112679.145,0.928,0.96,0.925,0.946
20241223,588120.SH,0.946,0.947,0.947,0.92,0.923,-0.023,-2.4313,1006425.59,93769.23,0.947,0.947,0.92,0.923
20241224,588120.SH,0.923,0.925,0.935,0.917,0.934,0.011,1.1918,1020084.66,94560.81,0.925,0.935,0.917,0.934
20241225,588120.SH,0.934,0.933,0.935,0.921,0.929,-0.005,-0.5353,1338741.0,124208.777,0.933,0.935,0.921,0.929
20241226,588120.SH,0.929,0.93,0.948,0.925,0.944,0.015,1.6146,1312418.59,123474.93,0.93,0.948,0.925,0.944
20241227,588120.SH,0.944,0.944,0.955,0.933,0.935,-0.009,-0.9534,1119291.0,105784.876,0.944,0.955,0.933,0.935
20241230,588120.SH,0.935,0.931,0.94,0.921,0.927,-0.008,-0.8556,844422.0,78556.178,0.931,0.94,0.921,0.927
20241231,588120.SH,0.927,0.93,0.93,0.898,0.898,-0.029,-3.1284,1478868.0,134669.776,0.93,0.93,0.898,0.898
20250102,588120.SH,0.898,0.898,0.899,0.86,0.87,-0.028,-3.118,1345418.0,118258.181,0.898,0.899,0.86,0.87
20250103,588120.SH,0.87,0.87,0.876,0.849,0.852,-0.018,-2.069,1235620.0,106533.885,0.87,0.876,0.849,0.852
20250106,588120.SH,0.852,0.848,0.859,0.837,0.844,-0.008,-0.939,1292200.0,109564.027,0.848,0.859,0.837,0.844
20250107,588120.SH,0.844,0.845,0.861,0.841,0.86,0.016,1.8957,1161806.0,98571.081,0.845,0.861,0.841,0.86
20250108,588120.SH,0.86,0.85,0.866,0.828,0.856,-0.004,-0.4651,1436250.0,121452.914,0.85,0.866,0.828,0.856
20250109,588120.SH,0.856,0.848,0.868,0.848,0.857,0.001,0.1168,748035.0,64421.647,0.848,0.868,0.848,0.857
20250110,588120.SH,0.857,0.856,0.874,0.846,0.846,-0.011,-1.2835,937632.0,80905.16,0.856,0.874,0.846,0.846
20250113,588120.SH,0.846,0.84,0.862,0.836,0.853,0.007,0.8274,1128384.0,95797.859,0.84,0.862,0.836,0.853
20250114,588120.SH,0.853,0.855,0.897,0.851,0.896,0.043,5.041,1578382.0,138768.448,0.855,0.897,0.851,0.896
20250115,588120.SH,0.896,0.891,0.894,0.881,0.884,-0.012,-1.3393,866101.0,76691.328,0.891,0.894,0.881,0.884
20250116,588120.SH,0.884,0.89,0.904,0.877,0.884,0.0,0.0,1050650.0,93527.69,0.89,0.904,0.877,0.884
20250117,588120.SH,0.884,0.88,0.912,0.879,0.901,0.017,1.9231,1027041.0,91809.824,0.88,0.912,0.879,0.901
20250120,588120.SH,0.901,0.905,0.916,0.899,0.902,0.001,0.111,995238.2,90218.956,0.905,0.916,0.899,0.902
20250121,588120.SH,0.902,0.907,0.913,0.893,0.913,0.011,1.2195,942578.18,85145.044,0.907,0.913,0.893,0.913
20250122,588120.SH,0.913,0.909,0.913,0.899,0.908,-0.005,-0.5476,794837.14,71993.324,0.909,0.913,0.899,0.908
20250123,588120.SH,0.908,0.915,0.929,0.904,0.904,-0.004,-0.4405,1315884.95,120802.262,0.915,0.929,0.904,0.904
20250124,588120.SH,0.904,0.901,0.926,0.901,0.924,0.02,2.2124,974431.08,89360.412,0.901,0.926,0.901,0.924
20250127,588120.SH,0.924,0.926,0.929,0.905,0.907,-0.017,-1.8398,927038.0,84738.942,0.926,0.929,0.905,0.907
20250205,588120.SH,0.907,0.91,0.928,0.91,0.917,0.01,1.1025,1170788.07,107613.525,0.91,0.928,0.91,0.917
20250206,588120.SH,0.917,0.914,0.955,0.913,0.954,0.037,4.0349,1523965.0,143556.851,0.914,0.955,0.913,0.954
20250207,588120.SH,0.954,0.952,0.982,0.95,0.964,0.01,1.0482,1349869.15,130343.325,0.952,0.982,0.95,0.964
20250210,588120.SH,0.964,0.964,0.979,0.96,0.975,0.011,1.1411,1114066.48,108233.133,0.964,0.979,0.96,0.975
20250211,588120.SH,0.975,0.974,0.975,0.961,0.968,-0.007,-0.7179,828081.8,80185.416,0.974,0.975,0.961,0.968
20250212,588120.SH,0.968,0.967,0.986,0.961,0.985,0.017,1.7562,1138716.65,111084.203,0.967,0.986,0.961,0.985
20250213,588120.SH,0.985,0.983,0.992,0.966,0.966,-0.019,-1.9289,820247.17,80038.948,0.983,0.992,0.966,0.966
20250214,588120.SH,0.966,0.964,0.974,0.961,0.971,0.005,0.5176,914685.44,88509.071,0.964,0.974,0.961,0.971
20250217,588120.SH,0.971,0.97,0.981,0.963,0.974,0.003,0.309,772814.11,75086.668,0.97,0.981,0.963,0.974
20250218,588120.SH,0.974,0.971,0.983,0.954,0.959,-0.015,-1.54,795469.65,77208.018,0.971,0.983,0.954,0.959
20250219,588120.SH,0.959,0.957,1.0,0.957,0.998,0.039,4.0667,1720806.5,169934.957,0.957,1.0,0.957,0.998
20250220,588120.SH,0.998,0.998,1.01,0.992,1.008,0.01,1.002,1172071.91,117648.796,0.998,1.01,0.992,1.008
20250221,588120.SH,1.008,1.007,1.045,1.007,1.042,0.034,3.373,1399101.55,144042.806,1.007,1.045,1.007,1.042
20250224,588120.SH,1.042,1.04,1.056,1.029,1.042,0.0,0.0,1043545.18,108658.834,1.04,1.056,1.029,1.042
20250225,588120.SH,1.042,1.024,1.061,1.02,1.041,-0.001,-0.096,1029167.71,107396.688,1.024,1.061,1.02,1.041
20250226,588120.SH,1.041,1.043,1.065,1.035,1.062,0.021,2.0173,970239.58,102396.013,1.043,1.065,1.035,1.062
20250227,588120.SH,1.062,1.059,1.071,1.039,1.063,0.001,0.0942,1011646.89,106665.334,1.059,1.071,1.039,1.063
20250228,588120.SH,1.063,1.05,1.059,1.01,1.014,-0.049,-4.6096,1224872.86,126250.982,1.05,1.059,1.01,1.014
20250303,588120.SH,1.014,1.015,1.035,1.002,1.015,0.001,0.0986,1159892.0,118335.473,1.015,1.035,1.002,1.015
20250304,588120.SH,1.015,1.006,1.032,0.999,1.027,0.012,1.1823,891654.16,90880.006,1.006,1.032,0.999,1.027
20250305,588120.SH,1.027,1.027,1.037,1.022,1.037,0.01,0.9737,557465.9,57420.015,1.027,1.037,1.022,1.037
20250306,588120.SH,1.037,1.045,1.071,1.045,1.065,0.028,2.7001,742900.43,78797.981,1.045,1.071,1.045,1.065
20250307,588120.SH,1.065,1.06,1.07,1.048,1.054,-0.011,-1.0329,1537545.54,162916.254,1.06,1.07,1.048,1.054
20250310,588120.SH,1.054,1.056,1.059,1.042,1.054,0.0,0.0,498318.0,52359.262,1.056,1.059,1.042,1.054
20250311,588120.SH,1.054,1.041,1.059,1.041,1.055,0.001,0.0949,824294.0,86500.945,1.041,1.059,1.041,1.055
20250312,588120.SH,1.055,1.058,1.063,1.048,1.049,-0.006,-0.5687,633204.0,66898.763,1.058,1.063,1.048,1.049
20250313,588120.SH,1.049,1.043,1.049,1.017,1.023,-0.026,-2.4786,800941.0,82405.154,1.043,1.049,1.017,1.023
20250314,588120.SH,1.023,1.024,1.043,1.018,1.041,0.018,1.7595,762105.0,78671.329,1.024,1.043,1.018,1.041
20250317,588120.SH,1.041,1.041,1.046,1.034,1.042,0.001,0.0961,440534.0,45872.436,1.041,1.046,1.034,1.042
20250318,588120.SH,1.042,1.046,1.058,1.042,1.045,0.003,0.2879,582848.0,61105.613,1.046,1.058,1.042,1.045
20250319,588120.SH,1.045,1.041,1.046,1.03,1.036,-0.009,-0.8612,511323.0,53034.228,1.041,1.046,1.03,1.036
20250320,588120.SH,1.036,1.035,1.041,1.025,1.025,-0.011,-1.0618,617958.0,63808.708,1.035,1.041,1.025,1.025
20250321,588120.SH,1.025,1.02,1.025,0.994,0.997,-0.028,-2.7317,732574.0,73784.845,1.02,1.025,0.994,0.997
20250324,588120.SH,0.997,0.997,1.005,0.977,0.995,-0.002,-0.2006,639129.0,63529.534,0.997,1.005,0.977,0.995
20250325,588120.SH,0.995,0.993,1.001,0.98,0.984,-0.011,-1.1055,512867.0,50760.6,0.993,1.001,0.98,0.984
20250326,588120.SH,0.984,0.984,0.997,0.982,0.986,0.002,0.2033,557948.0,55254.139,0.984,0.997,0.982,0.986
20250327,588120.SH,0.986,0.986,1.013,0.977,0.998,0.012,1.217,936085.0,93493.844,0.986,1.013,0.977,0.998
20250328,588120.SH,0.998,0.998,1.008,0.985,0.99,-0.008,-0.8016,654626.0,65213.069,0.998,1.008,0.985,0.99
20250331,588120.SH,0.99,0.989,0.996,0.976,0.992,0.002,0.202,706307.0,69523.258,0.989,0.996,0.976,0.992
20250401,588120.SH,0.992,0.994,1.01,0.992,1.0,0.008,0.8065,1086890.0,108801.426,0.994,1.01,0.992,1.0
20250402,588120.SH,1.0,1.0,1.012,0.993,1.004,0.004,0.4,535992.0,53907.247,1.0,1.012,0.993,1.004
20250403,588120.SH,1.004,0.998,1.011,0.981,0.986,-0.018,-1.7928,899134.0,89453.515,0.998,1.011,0.981,0.986
20250407,588120.SH,0.986,0.945,0.951,0.828,0.855,-0.131,-13.286,1466845.0,131190.986,0.945,0.951,0.828,0.855
20250408,588120.SH,0.855,0.869,0.892,0.851,0.874,0.019,2.2222,892027.0,77704.102,0.869,0.892,0.851,0.874
20250409,588120.SH,0.874,0.85,0.901,0.823,0.892,0.018,2.0595,1218193.0,107007.626,0.85,0.901,0.823,0.892
20250410,588120.SH,0.892,0.909,0.941,0.909,0.918,0.026,2.9148,882830.0,81905.758,0.909,0.941,0.909,0.918
20250411,588120.SH,0.918,0.912,0.974,0.911,0.961,0.043,4.6841,828795.0,78616.728,0.912,0.974,0.911,0.961
20250414,588120.SH,0.961,0.976,0.978,0.962,0.966,0.005,0.5203,605011.0,58662.867,0.976,0.978,0.962,0.966
20250415,588120.SH,0.966,0.963,0.967,0.948,0.96,-0.006,-0.6211,495523.41,47263.63,0.963,0.967,0.948,0.96
20250416,588120.SH,0.96,0.953,0.965,0.938,0.95,-0.01,-1.0417,613631.41,58258.618,0.953,0.965,0.938,0.95
20250417,588120.SH,0.95,0.941,0.968,0.941,0.954,0.004,0.4211,496119.0,47625.103,0.941,0.968,0.941,0.954
20250418,588120.SH,0.954,0.953,0.955,0.942,0.949,-0.005,-0.5241,470820.0,44589.507,0.953,0.955,0.942,0.949
20250421,588120.SH,0.949,0.948,0.971,0.944,0.971,0.022,2.3182,426740.0,40950.508,0.948,0.971,0.944,0.971
20250422,588120.SH,0.971,0.968,0.975,0.961,0.966,-0.005,-0.5149,641670.0,62138.764,0.968,0.975,0.961,0.966
20250423,588120.SH,0.966,0.97,0.976,0.962,0.969,0.003,0.3106,528759.95,51146.004,0.97,0.976,0.962,0.969
20250424,588120.SH,0.969,0.969,0.971,0.953,0.96,-0.009,-0.9288,547879.0,52700.612,0.969,0.971,0.953,0.96
20250425,588120.SH,0.96,0.96,0.962,0.942,0.955,-0.005,-0.5208,757340.63,72118.459,0.96,0.962,0.942,0.955
20250428,588120.SH,0.955,0.954,0.963,0.946,0.959,0.004,0.4188,678789.0,64776.806,0.954,0.963,0.946,0.959
20250429,588120.SH,0.959,0.959,0.966,0.956,0.964,0.005,0.5214,438034.0,42138.473,0.959,0.966,0.956,0.964
20250430,588120.SH,0.964,0.963,0.981,0.963,0.979,0.015,1.556,407560.96,39734.91,0.963,0.981,0.963,0.979
20250506,588120.SH,0.979,0.986,0.995,0.983,0.995,0.016,1.6343,528117.0,52284.802,0.986,0.995,0.983,0.995
20250507,588120.SH,0.995,1.005,1.013,0.977,0.987,-0.008,-0.804,818655.0,81363.53,1.005,1.013,0.977,0.987
20250508,588120.SH,0.987,0.981,0.993,0.98,0.988,0.001,0.1013,413794.98,40880.361,0.981,0.993,0.98,0.988
20250509,588120.SH,0.988,0.987,0.987,0.967,0.973,-0.015,-1.5182,407086.0,39610.035,0.987,0.987,0.967,0.973
20250512,588120.SH,0.973,0.978,0.981,0.966,0.978,0.005,0.5139,686615.0,66899.217,0.978,0.981,0.966,0.978
20250513,588120.SH,0.978,0.984,0.989,0.975,0.978,0.0,0.0,449616.0,44143.998,0.984,0.989,0.975,0.978
20250514,588120.SH,0.978,0.977,0.981,0.964,0.973,-0.005,-0.5112,851304.0,82720.11,0.977,0.981,0.964,0.973
20250515,588120.SH,0.973,0.971,0.973,0.953,0.954,-0.019,-1.9527,692723.0,66548.814,0.971,0.973,0.953,0.954
20250516,588120.SH,0.954,0.955,0.966,0.951,0.958,0.004,0.4193,415618.0,39829.051,0.955,0.966,0.951,0.958
20250519,588120.SH,0.958,0.958,0.961,0.949,0.958,0.0,0.0,357113.78,34104.59,0.958,0.961,0.949,0.958
20250520,588120.SH,0.958,0.959,0.971,0.959,0.967,0.009,0.9395,445626.0,43052.409,0.959,0.971,0.959,0.967
20250521,588120.SH,0.967,0.967,0.969,0.961,0.967,0.0,0.0,427425.05,41258.165,0.967,0.969,0.961,0.967
20250522,588120.SH,0.967,0.965,0.973,0.96,0.962,-0.005,-0.5171,393218.58,38039.664,0.965,0.973,0.96,0.962
20250523,588120.SH,0.962,0.962,0.964,0.945,0.947,-0.015,-1.5593,700065.0,66901.361,0.962,0.964,0.945,0.947
20250526,588120.SH,0.947,0.947,0.953,0.942,0.949,0.002,0.2112,337292.37,31974.37,0.947,0.953,0.942,0.949
20250527,588120.SH,0.949,0.948,0.95,0.941,0.944,-0.005,-0.5269,370379.0,34979.791,0.948,0.95,0.941,0.944
20250528,588120.SH,0.944,0.943,0.948,0.935,0.938,-0.006,-0.6356,387384.0,36388.193,0.943,0.948,0.935,0.938
20250529,588120.SH,0.938,0.938,0.964,0.938,0.963,0.025,2.6652,688648.0,65893.744,0.938,0.964,0.938,0.963
20250530,588120.SH,0.963,0.959,0.959,0.95,0.952,-0.011,-1.1423,468544.0,44680.164,0.959,0.959,0.95,0.952
20250603,588120.SH,0.952,0.951,0.972,0.95,0.963,0.011,1.1555,576521.0,55617.086,0.951,0.972,0.95,0.963
20250604,588120.SH,0.963,0.964,0.971,0.962,0.966,0.003,0.3115,303547.54,29324.848,0.964,0.971,0.962,0.966
20250605,588120.SH,0.966,0.966,0.985,0.963,0.983,0.017,1.7598,679555.07,66355.238,0.966,0.985,0.963,0.983
20250606,588120.SH,0.983,0.983,0.986,0.978,0.986,0.003,0.3052,399622.27,39257.819,0.983,0.986,0.978,0.986
20250609,588120.SH,0.986,0.984,1.002,0.984,0.997,0.011,1.1156,421861.78,41973.425,0.984,1.002,0.984,0.997
20250610,588120.SH,0.997,0.997,0.997,0.97,0.98,-0.017,-1.7051,708299.69,69506.907,0.997,0.997,0.97,0.98
20250611,588120.SH,0.98,0.98,0.991,0.979,0.981,0.001,0.102,384243.0,37781.811,0.98,0.991,0.979,0.981
20250612,588120.SH,0.981,0.976,0.986,0.976,0.983,0.002,0.2039,435183.6,42794.315,0.976,0.986,0.976,0.983
20250613,588120.SH,0.983,0.981,0.982,0.964,0.973,-0.01,-1.0173,587311.71,57142.449,0.981,0.982,0.964,0.973
20250616,588120.SH,0.973,0.974,0.98,0.963,0.976,0.003,0.3083,338124.4,33021.313,0.974,0.98,0.963,0.976
20250617,588120.SH,0.976,0.978,0.98,0.964,0.967,-0.009,-0.9221,558947.24,54157.272,0.978,0.98,0.964,0.967
20250618,588120.SH,0.967,0.967,0.977,0.963,0.977,0.01,1.0341,428689.82,41679.788,0.967,0.977,0.963,0.977
20250619,588120.SH,0.977,0.976,0.986,0.969,0.973,-0.004,-0.4094,550549.71,53836.192,0.976,0.986,0.969,0.973
20250620,588120.SH,0.973,0.973,0.979,0.966,0.967,-0.006,-0.6166,381414.0,37082.754,0.973,0.979,0.966,0.967
20250623,588120.SH,0.967,0.962,0.982,0.961,0.98,0.013,1.3444,583424.0,56906.224,0.962,0.982,0.961,0.98
20250624,588120.SH,0.98,0.977,1.002,0.977,1.001,0.021,2.1429,676386.0,67330.593,0.977,1.002,0.977,1.001
20250625,588120.SH,1.001,1.004,1.022,1.002,1.022,0.021,2.0979,661537.0,66973.875,1.004,1.022,1.002,1.022
20250626,588120.SH,1.022,1.018,1.02,1.002,1.003,-0.019,-1.8591,727648.33,73590.903,1.018,1.02,1.002,1.003
20250627,588120.SH,1.003,1.006,1.011,1.001,1.003,0.0,0.0,640341.33,64417.498,1.006,1.011,1.001,1.003
20250630,588120.SH,1.003,1.003,1.019,1.002,1.018,0.015,1.4955,738259.0,74876.073,1.003,1.019,1.002,1.018
20250701,588120.SH,1.018,1.016,1.024,1.009,1.022,0.004,0.3929,804265.0,81869.284,1.016,1.024,1.009,1.022
20250702,588120.SH,1.022,1.018,1.018,1.0,1.004,-0.018,-1.7613,726610.0,73169.155,1.018,1.018,1.0,1.004
20250703,588120.SH,1.004,1.002,1.016,1.002,1.015,0.011,1.0956,633724.0,63992.524,1.002,1.016,1.002,1.015
20250704,588120.SH,1.015,1.014,1.026,1.005,1.011,-0.004,-0.3941,704625.0,71436.401,1.014,1.026,1.005,1.011
20250707,588120.SH,1.011,1.01,1.016,1.005,1.007,-0.004,-0.3956,562755.0,56796.633,1.01,1.016,1.005,1.007
20250708,588120.SH,1.007,1.007,1.022,1.007,1.021,0.014,1.3903,666987.0,67843.948,1.007,1.022,1.007,1.021
20250709,588120.SH,1.021,1.017,1.022,1.01,1.011,-0.01,-0.9794,608348.06,61814.975,1.017,1.022,1.01,1.011
20250710,588120.SH,1.011,1.01,1.013,1.006,1.008,-0.003,-0.2967,482797.5,48731.441,1.01,1.013,1.006,1.008
20250711,588120.SH,1.008,1.008,1.023,1.004,1.02,0.012,1.1905,904846.06,91906.93,1.008,1.023,1.004,1.02
20250714,588120.SH,1.02,1.02,1.023,1.013,1.021,0.001,0.098,912680.0,92979.831,1.02,1.023,1.013,1.021
20250715,588120.SH,1.021,1.018,1.028,1.013,1.026,0.005,0.4897,825930.0,84265.253,1.018,1.028,1.013,1.026
20250716,588120.SH,1.026,1.028,1.039,1.023,1.032,0.006,0.5848,626945.0,64768.668,1.028,1.039,1.023,1.032
20250717,588120.SH,1.032,1.033,1.051,1.029,1.051,0.019,1.8411,861105.73,89778.51,1.033,1.051,1.029,1.051
20250718,588120.SH,1.051,1.051,1.058,1.044,1.05,-0.001,-0.0951,472688.36,49605.34,1.051,1.058,1.044,1.05
20250721,588120.SH,1.05,1.049,1.057,1.048,1.054,0.004,0.381,305424.9,32160.09,1.049,1.057,1.048,1.054
20250722,588120.SH,1.054,1.05,1.07,1.05,1.059,0.005,0.4744,709204.47,75357.885,1.05,1.07,1.05,1.059
20250723,588120.SH,1.059,1.06,1.073,1.054,1.065,0.006,0.5666,908659.34,96998.338,1.06,1.073,1.054,1.065
20250724,588120.SH,1.065,1.064,1.085,1.061,1.084,0.019,1.784,649773.32,69913.238,1.064,1.085,1.061,1.084
20250725,588120.SH,1.084,1.084,1.091,1.077,1.088,0.004,0.369,570526.0,61860.836,1.084,1.091,1.077,1.088
20250728,588120.SH,1.088,1.088,1.098,1.087,1.094,0.006,0.5515,603590.48,65988.014,1.088,1.098,1.087,1.094
20250729,588120.SH,1.094,1.094,1.116,1.09,1.116,0.022,2.011,650984.36,72060.461,1.094,1.116,1.09,1.116
20250730,588120.SH,1.116,1.117,1.119,1.091,1.103,-0.013,-1.1649,1167342.59,129615.588,1.117,1.119,1.091,1.103
20250731,588120.SH,1.103,1.1,1.119,1.094,1.097,-0.006,-0.544,788748.72,87458.967,1.1,1.119,1.094,1.097
20250801,588120.SH,1.097,1.094,1.112,1.087,1.095,-0.002,-0.1823,1283045.55,140794.512,1.094,1.112,1.087,1.095
20250804,588120.SH,1.095,1.088,1.115,1.086,1.114,0.019,1.7352,666882.82,73273.365,1.088,1.115,1.086,1.114
20250805,588120.SH,1.114,1.118,1.118,1.108,1.117,0.003,0.2693,622197.0,69352.601,1.118,1.118,1.108,1.117
20250806,588120.SH,1.117,1.112,1.137,1.112,1.137,0.02,1.7905,552425.0,62195.447,1.112,1.137,1.112,1.137
20250807,588120.SH,1.137,1.143,1.144,1.125,1.133,-0.004,-0.3518,753342.74,85402.088,1.143,1.144,1.125,1.133
20250808,588120.SH,1.133,1.125,1.13,1.113,1.116,-0.017,-1.5004,540947.0,60564.649,1.125,1.13,1.113,1.116
20250811,588120.SH,1.116,1.114,1.152,1.114,1.146,0.03,2.6882,771252.0,87746.028,1.114,1.152,1.114,1.146
20250812,588120.SH,1.146,1.144,1.156,1.134,1.155,0.009,0.7853,689881.23,78773.206,1.144,1.156,1.134,1.155
20250813,588120.SH,1.155,1.157,1.176,1.156,1.176,0.021,1.8182,568273.2,66368.445,1.157,1.176,1.156,1.176
20250814,588120.SH,1.176,1.174,1.18,1.153,1.159,-0.017,-1.4456,708489.41,82794.019,1.174,1.18,1.153,1.159
20250815,588120.SH,1.159,1.154,1.201,1.154,1.2,0.041,3.5375,847876.72,100144.023,1.154,1.201,1.154,1.2
20250818,588120.SH,1.2,1.201,1.233,1.199,1.225,0.025,2.0833,671985.14,81783.076,1.201,1.233,1.199,1.225
20250819,588120.SH,1.225,1.221,1.228,1.208,1.214,-0.011,-0.898,790561.0,96169.736,1.221,1.228,1.208,1.214
20250820,588120.SH,1.214,1.205,1.241,1.194,1.24,0.026,2.1417,855715.78,103734.397,1.205,1.241,1.194,1.24
20250821,588120.SH,1.24,1.239,1.255,1.213,1.22,-0.02,-1.6129,843220.0,103854.505,1.239,1.255,1.213,1.22
20250822,588120.SH,1.22,1.22,1.271,1.22,1.27,0.05,4.0984,870176.0,108809.773,1.22,1.271,1.22,1.27
20250825,588120.SH,1.27,1.31,1.316,1.269,1.289,0.019,1.4961,733670.0,94478.09,1.31,1.316,1.269,1.289
20250826,588120.SH,1.289,1.276,1.303,1.276,1.285,-0.004,-0.3103,1190888.43,153927.891,1.276,1.303,1.276,1.285
20250827,588120.SH,1.285,1.283,1.335,1.276,1.279,-0.006,-0.4669,2383751.94,310579.86,1.283,1.335,1.276,1.279
20250828,588120.SH,1.279,1.276,1.33,1.27,1.328,0.049,3.8311,839900.44,108536.196,1.276,1.33,1.27,1.328
20250829,588120.SH,1.328,1.313,1.323,1.29,1.317,-0.011,-0.8283,533341.0,69668.617,1.313,1.323,1.29,1.317
20250901,588120.SH,1.317,1.324,1.352,1.315,1.346,0.029,2.202,652234.0,87155.668,1.324,1.352,1.315,1.346
20250902,588120.SH,1.346,1.343,1.348,1.29,1.301,-0.045,-3.3432,823063.94,108243.224,1.343,1.348,1.29,1.301
20250903,588120.SH,1.301,1.302,1.336,1.294,1.3,-0.001,-0.0769,553378.0,72497.786,1.302,1.336,1.294,1.3
20250904,588120.SH,1.3,1.3,1.31,1.214,1.234,-0.066,-5.0769,1070058.74,135269.733,1.3,1.31,1.214,1.234
20250905,588120.SH,1.234,1.23,1.297,1.228,1.292,0.058,4.7002,735783.38,92644.293,1.23,1.297,1.228,1.292
20250908,588120.SH,1.292,1.291,1.301,1.271,1.3,0.008,0.6192,551294.81,70993.682,1.291,1.301,1.271,1.3
20250909,588120.SH,1.3,1.299,1.306,1.268,1.273,-0.027,-2.0769,493457.0,63466.242,1.299,1.306,1.268,1.273
20250910,588120.SH,1.273,1.276,1.291,1.264,1.272,-0.001,-0.0786,716680.0,91388.505,1.276,1.291,1.264,1.272
20250911,588120.SH,1.272,1.264,1.322,1.25,1.32,0.048,3.7736,948041.55,122849.614,1.264,1.322,1.25,1.32
20250912,588120.SH,1.32,1.32,1.343,1.315,1.329,0.009,0.6818,580339.33,77177.134,1.32,1.343,1.315,1.329
20250915,588120.SH,1.329,1.339,1.355,1.328,1.33,0.001,0.0752,1053129.78,140690.718,1.339,1.355,1.328,1.33
20250916,588120.SH,1.33,1.33,1.344,1.319,1.339,0.009,0.6767,940271.19,125417.608,1.33,1.344,1.319,1.339
20250917,588120.SH,1.339,1.343,1.366,1.329,1.363,0.024,1.7924,945554.23,128264.654,1.343,1.366,1.329,1.363
20250918,588120.SH,1.363,1.366,1.416,1.341,1.366,0.003,0.2201,1193376.95,165176.487,1.366,1.416,1.341,1.366
20250919,588120.SH,1.366,1.373,1.384,1.345,1.35,-0.016,-1.1713,534156.48,72957.713,1.373,1.384,1.345,1.35
20250922,588120.SH,1.35,1.346,1.372,1.346,1.368,0.018,1.3333,663583.83,90431.977,1.346,1.372,1.346,1.368
20250923,588120.SH,1.368,1.377,1.381,1.317,1.352,-0.016,-1.1696,915651.0,123082.792,1.377,1.381,1.317,1.352
20250924,588120.SH,1.352,1.342,1.404,1.34,1.399,0.047,3.4763,565418.27,77852.256,1.342,1.404,1.34,1.399
20250925,588120.SH,1.399,1.397,1.411,1.383,1.396,-0.003,-0.2144,697760.0,97796.822,1.397,1.411,1.383,1.396
20250926,588120.SH,1.396,1.385,1.399,1.362,1.368,-0.028,-2.0057,729855.0,100580.556,1.385,1.399,1.362,1.368
20250929,588120.SH,1.368,1.369,1.394,1.36,1.392,0.024,1.7544,635000.0,87520.631,1.369,1.394,1.36,1.392
20250930,588120.SH,1.392,1.391,1.437,1.391,1.433,0.041,2.9454,745443.08,106170.042,1.391,1.437,1.391,1.433
20251009,588120.SH,1.433,1.449,1.469,1.434,1.444,0.011,0.7676,590418.79,85517.958,1.449,1.469,1.434,1.444
20251010,588120.SH,1.444,1.436,1.436,1.365,1.374,-0.07,-4.8476,1036523.96,144426.306,1.436,1.436,1.365,1.374
20251013,588120.SH,1.374,1.321,1.389,1.32,1.386,0.012,0.8734,423245.0,57852.876,1.321,1.389,1.32,1.386
20251014,588120.SH,1.386,1.39,1.409,1.321,1.333,-0.053,-3.824,901733.0,123876.004,1.39,1.409,1.321,1.333
20251015,588120.SH,1.333,1.33,1.358,1.313,1.357,0.024,1.8005,454263.0,60590.836,1.33,1.358,1.313,1.357
20251016,588120.SH,1.357,1.355,1.364,1.337,1.343,-0.014,-1.0317,693930.0,93746.651,1.355,1.364,1.337,1.343
20251017,588120.SH,1.343,1.337,1.346,1.283,1.291,-0.052,-3.8719,743794.0,97291.52,1.337,1.346,1.283,1.291
20251020,588120.SH,1.291,1.303,1.324,1.288,1.297,0.006,0.4648,639422.58,83381.208,1.303,1.324,1.288,1.297
20251021,588120.SH,1.297,1.3,1.329,1.298,1.325,0.028,2.1588,489891.12,64647.856,1.3,1.329,1.298,1.325
20251022,588120.SH,1.325,1.317,1.328,1.304,1.315,-0.01,-0.7547,490959.72,64528.39,1.317,1.328,1.304,1.315
20251023,588120.SH,1.315,1.304,1.314,1.283,1.307,-0.008,-0.6084,502689.04,64895.43,1.304,1.314,1.283,1.307
20251024,588120.SH,1.307,1.321,1.349,1.311,1.349,0.042,3.2135,555825.0,74341.112,1.321,1.349,1.311,1.349
20251027,588120.SH,1.349,1.378,1.38,1.346,1.366,0.017,1.2602,484965.14,66034.128,1.378,1.38,1.346,1.366
20251028,588120.SH,1.366,1.36,1.377,1.352,1.362,-0.004,-0.2928,433162.56,59097.868,1.36,1.377,1.352,1.362
20251029,588120.SH,1.362,1.356,1.375,1.352,1.374,0.012,0.8811,330582.51,45196.479,1.356,1.375,1.352,1.374
20251030,588120.SH,1.374,1.367,1.385,1.36,1.362,-0.012,-0.8734,444144.69,60868.858,1.367,1.385,1.36,1.362
20251031,588120.SH,1.362,1.355,1.385,1.351,1.363,0.001,0.0734,220582.99,30163.047,1.355,1.385,1.351,1.363
20251103,588120.SH,1.363,1.356,1.356,1.324,1.351,-0.012,-0.8804,660956.83,88348.529,1.356,1.356,1.324,1.351
20251104,588120.SH,1.351,1.345,1.353,1.317,1.326,-0.025,-1.8505,443384.31,59190.986,1.345,1.353,1.317,1.326
20251105,588120.SH,1.326,1.314,1.329,1.3,1.322,-0.004,-0.3017,658652.0,86769.629,1.314,1.329,1.3,1.322
20251106,588120.SH,1.322,1.328,1.353,1.326,1.353,0.031,2.3449,401383.44,53916.966,1.328,1.353,1.326,1.353
20251107,588120.SH,1.353,1.356,1.356,1.328,1.342,-0.011,-0.813,536807.62,72020.635,1.356,1.356,1.328,1.342
20251110,588120.SH,1.342,1.355,1.355,1.314,1.332,-0.01,-0.7452,524730.13,69598.85,1.355,1.355,1.314,1.332
20251111,588120.SH,1.332,1.339,1.349,1.315,1.319,-0.013,-0.976,443249.27,58789.63,1.339,1.349,1.315,1.319
20251112,588120.SH,1.319,1.307,1.327,1.292,1.307,-0.012,-0.9098,316894.44,41281.724,1.307,1.327,1.292,1.307
20251113,588120.SH,1.307,1.302,1.335,1.302,1.326,0.019,1.4537,477991.9,63325.196,1.302,1.335,1.302,1.326
20251114,588120.SH,1.326,1.318,1.334,1.307,1.312,-0.014,-1.0558,437344.5,57912.998,1.318,1.334,1.307,1.312
20251117,588120.SH,1.312,1.309,1.327,1.309,1.316,0.004,0.3049,437583.03,57509.861,1.309,1.327,1.309,1.316
20251118,588120.SH,1.316,1.31,1.333,1.308,1.315,-0.001,-0.076,476202.09,62999.827,1.31,1.333,1.308,1.315
20251119,588120.SH,1.315,1.308,1.325,1.297,1.301,-0.014,-1.0646,481591.0,63028.344,1.308,1.325,1.297,1.301
20251120,588120.SH,1.301,1.314,1.317,1.286,1.289,-0.012,-0.9224,481935.0,62312.223,1.314,1.317,1.286,1.289
20251121,588120.SH,1.289,1.27,1.289,1.236,1.238,-0.051,-3.9566,493892.0,61807.212,1.27,1.289,1.236,1.238
20251124,588120.SH,1.238,1.243,1.261,1.23,1.253,0.015,1.2116,760093.34,94834.038,1.243,1.261,1.23,1.253
20251125,588120.SH,1.253,1.26,1.289,1.259,1.269,0.016,1.2769,525631.99,67047.806,1.26,1.289,1.259,1.269
20251126,588120.SH,1.269,1.264,1.295,1.262,1.286,0.017,1.3396,598736.04,77022.183,1.264,1.295,1.262,1.286
20251127,588120.SH,1.286,1.289,1.311,1.289,1.294,0.008,0.6221,524703.79,68334.735,1.289,1.311,1.289,1.294
20251128,588120.SH,1.294,1.286,1.308,1.284,1.308,0.014,1.0819,448760.96,58347.746,1.286,1.308,1.284,1.308
20251201,588120.SH,1.308,1.307,1.311,1.293,1.306,-0.002,-0.1529,418641.0,54462.932,1.307,1.311,1.293,1.306
20251202,588120.SH,1.306,1.306,1.306,1.286,1.288,-0.018,-1.3783,375146.7,48449.603,1.306,1.306,1.286,1.288
20251203,588120.SH,1.288,1.296,1.296,1.271,1.277,-0.011,-0.854,362736.0,46391.207,1.296,1.296,1.271,1.277
20251204,588120.SH,1.277,1.272,1.296,1.269,1.295,0.018,1.4096,500210.0,64263.149,1.272,1.296,1.269,1.295
20251205,588120.SH,1.295,1.291,1.31,1.279,1.309,0.014,1.0811,470366.0,61089.46,1.291,1.31,1.279,1.309
20251208,588120.SH,1.309,1.313,1.339,1.31,1.333,0.024,1.8335,542093.0,72089.373,1.313,1.339,1.31,1.333
20251209,588120.SH,1.333,1.333,1.338,1.319,1.323,-0.01,-0.7502,549933.89,73042.115,1.333,1.338,1.319,1.323
20251210,588120.SH,1.323,1.327,1.327,1.304,1.325,0.002,0.1512,457832.0,60072.066,1.327,1.327,1.304,1.325
20251211,588120.SH,1.325,1.32,1.33,1.31,1.314,-0.011,-0.8302,399939.0,52699.4,1.32,1.33,1.31,1.314
20251212,588120.SH,1.314,1.312,1.334,1.292,1.333,0.019,1.446,389224.0,50968.241,1.312,1.334,1.292,1.333
20251215,588120.SH,1.333,1.32,1.328,1.303,1.306,-0.027,-2.0255,401852.0,52847.862,1.32,1.328,1.303,1.306
20251216,588120.SH,1.306,1.293,1.303,1.272,1.28,-0.026,-1.9908,527859.75,67707.877,1.293,1.303,1.272,1.28
20251217,588120.SH,1.28,1.279,1.313,1.271,1.311,0.031,2.4219,797272.0,102628.505,1.279,1.313,1.271,1.311
20251218,588120.SH,1.311,1.3,1.317,1.296,1.308,-0.003,-0.2288,384287.0,50369.021,1.3,1.317,1.296,1.308
20251219,588120.SH,1.308,1.316,1.324,1.305,1.31,0.002,0.1529,331791.0,43595.075,1.316,1.324,1.305,1.31
20251222,588120.SH,1.31,1.315,1.337,1.311,1.328,0.018,1.374,336073.0,44685.899,1.315,1.337,1.311,1.328
20251223,588120.SH,1.328,1.324,1.348,1.324,1.334,0.006,0.4518,308532.0,41287.892,1.324,1.348,1.324,1.334
20251224,588120.SH,1.334,1.332,1.361,1.332,1.359,0.025,1.8741,410727.49,55357.949,1.332,1.361,1.332,1.359
20251225,588120.SH,1.359,1.352,1.383,1.352,1.38,0.021,1.5453,399999.64,54796.471,1.352,1.383,1.352,1.38
20251226,588120.SH,1.38,1.376,1.395,1.375,1.383,0.003,0.2174,403766.36,55898.76,1.376,1.395,1.375,1.383
20251229,588120.SH,1.383,1.392,1.4,1.378,1.386,0.003,0.2169,444450.83,61731.384,1.392,1.4,1.378,1.386
20251230,588120.SH,1.386,1.388,1.399,1.377,1.387,0.001,0.0722,473472.79,65732.036,1.388,1.399,1.377,1.387
20251231,588120.SH,1.387,1.384,1.398,1.38,1.393,0.006,0.4326,393482.2,54676.574,1.384,1.398,1.38,1.393
20260105,588120.SH,1.393,1.395,1.438,1.395,1.438,0.045,3.2304,470650.25,66999.811,1.395,1.438,1.395,1.438
20260106,588120.SH,1.438,1.448,1.46,1.428,1.46,0.022,1.5299,448537.18,64849.033,1.448,1.46,1.428,1.46
20260107,588120.SH,1.46,1.457,1.498,1.457,1.495,0.035,2.3973,459075.82,68108.545,1.457,1.498,1.457,1.495
20260108,588120.SH,1.495,1.495,1.511,1.482,1.501,0.006,0.4013,724077.7,108881.253,1.495,1.511,1.482,1.501
20260109,588120.SH,1.501,1.501,1.542,1.493,1.541,0.04,2.6649,635707.73,96564.478,1.501,1.542,1.493,1.541
20260112,588120.SH,1.541,1.553,1.592,1.532,1.59,0.049,3.1798,439674.54,68572.668,1.553,1.592,1.532,1.59
20260113,588120.SH,1.59,1.583,1.592,1.536,1.538,-0.052,-3.2704,753549.96,117391.544,1.583,1.592,1.536,1.538
20260114,588120.SH,1.538,1.54,1.599,1.537,1.557,0.019,1.2354,825165.13,129678.646,1.54,1.599,1.537,1.557
20260115,588120.SH,1.557,1.543,1.565,1.531,1.564,0.007,0.4496,510685.15,78907.271,1.543,1.565,1.531,1.564
20260116,588120.SH,1.564,1.571,1.616,1.571,1.61,0.046,2.9412,628781.0,99956.171,1.571,1.616,1.571,1.61
20260119,588120.SH,1.61,1.609,1.61,1.578,1.592,-0.018,-1.118,520983.0,83107.48,1.609,1.61,1.578,1.592
20260120,588120.SH,1.592,1.588,1.6,1.55,1.566,-0.026,-1.6332,558901.0,87947.778,1.588,1.6,1.55,1.566
20260121,588120.SH,1.566,1.542,1.592,1.542,1.582,0.016,1.0217,439823.0,69494.179,1.542,1.592,1.542,1.582
20260122,588120.SH,1.582,1.583,1.601,1.566,1.579,-0.003,-0.1896,423438.56,66721.069,1.583,1.601,1.566,1.579
20260123,588120.SH,1.579,1.575,1.631,1.575,1.63,0.051,3.2299,349960.0,56280.693,1.575,1.631,1.575,1.63
20260126,588120.SH,1.63,1.63,1.637,1.575,1.585,-0.045,-2.7607,409505.56,65520.07,1.63,1.637,1.575,1.585
20260127,588120.SH,1.585,1.578,1.64,1.563,1.639,0.054,3.4069,531341.52,84739.441,1.578,1.64,1.563,1.639
20260128,588120.SH,1.639,1.645,1.649,1.613,1.629,-0.01,-0.6101,433381.0,70593.725,1.645,1.649,1.613,1.629
20260129,588120.SH,1.629,1.62,1.641,1.586,1.59,-0.039,-2.3941,929399.56,151251.323,1.62,1.641,1.586,1.59
20260130,588120.SH,1.59,1.566,1.61,1.534,1.581,-0.009,-0.566,845942.13,132550.975,1.566,1.61,1.534,1.581
20260202,588120.SH,1.581,1.561,1.582,1.506,1.512,-0.069,-4.3643,630175.0,97242.937,1.561,1.582,1.506,1.512
20260203,588120.SH,1.512,1.52,1.56,1.519,1.559,0.047,3.1085,645629.61,99288.983,1.52,1.56,1.519,1.559
20260204,588120.SH,1.559,1.54,1.556,1.523,1.545,-0.014,-0.898,447190.0,68757.175,1.54,1.556,1.523,1.545
20260205,588120.SH,1.545,1.519,1.536,1.502,1.519,-0.026,-1.6828,666638.0,100894.283,1.519,1.536,1.502,1.519
20260206,588120.SH,1.519,1.501,1.536,1.495,1.512,-0.007,-0.4608,319992.0,48686.1,1.501,1.536,1.495,1.512
20260209,588120.SH,1.512,1.541,1.556,1.531,1.556,0.044,2.9101,407520.22,62999.193,1.541,1.556,1.531,1.556
20260210,588120.SH,1.556,1.552,1.569,1.552,1.561,0.005,0.3213,302978.0,47306.558,1.552,1.569,1.552,1.561
20260211,588120.SH,1.561,1.561,1.564,1.545,1.549,-0.012,-0.7687,204504.0,31700.245,1.561,1.564,1.545,1.549
20260212,588120.SH,1.549,1.543,1.575,1.543,1.572,0.023,1.4848,316963.0,49590.074,1.543,1.575,1.543,1.572
20260213,588120.SH,1.572,1.557,1.589,1.557,1.57,-0.002,-0.1272,366368.0,57905.289,1.557,1.589,1.557,1.57
20260224,588120.SH,1.57,1.572,1.584,1.536,1.548,-0.022,-1.4013,242517.0,37630.607,1.572,1.584,1.536,1.548
20260225,588120.SH,1.548,1.542,1.577,1.536,1.572,0.024,1.5504,400789.0,62551.364,1.542,1.577,1.536,1.572
20260226,588120.SH,1.572,1.57,1.597,1.553,1.587,0.015,0.9542,472636.0,74562.577,1.57,1.597,1.553,1.587
20260227,588120.SH,1.587,1.578,1.594,1.558,1.592,0.005,0.3151,323049.08,51106.125,1.578,1.594,1.558,1.592
20260302,588120.SH,1.592,1.57,1.593,1.56,1.57,-0.022,-1.3819,502691.29,79358.187,1.57,1.593,1.56,1.57
20260303,588120.SH,1.57,1.572,1.58,1.48,1.488,-0.082,-5.2229,641065.0,97820.002,1.572,1.58,1.48,1.488
20260304,588120.SH,1.488,1.472,1.503,1.469,1.478,-0.01,-0.672,554348.0,82268.081,1.472,1.503,1.469,1.478
20260305,588120.SH,1.478,1.5,1.52,1.484,1.495,0.017,1.1502,614750.0,92482.129,1.5,1.52,1.484,1.495
20260306,588120.SH,1.495,1.484,1.521,1.477,1.509,0.014,0.9365,462732.0,69769.622,1.484,1.521,1.477,1.509
20260309,588120.SH,1.509,1.459,1.497,1.442,1.489,-0.02,-1.3254,663284.3,96624.484,1.459,1.497,1.442,1.489
20260310,588120.SH,1.489,1.501,1.532,1.501,1.531,0.042,2.8207,378943.0,57600.36,1.501,1.532,1.501,1.531
20260311,588120.SH,1.531,1.535,1.545,1.518,1.521,-0.01,-0.6532,347576.0,53275.158,1.535,1.545,1.518,1.521
20260312,588120.SH,1.521,1.518,1.529,1.493,1.511,-0.01,-0.6575,352694.0,53163.632,1.518,1.529,1.493,1.511
20260313,588120.SH,1.511,1.511,1.511,1.474,1.483,-0.028,-1.8531,383374.0,57199.982,1.511,1.511,1.474,1.483
20260316,588120.SH,1.483,1.468,1.489,1.447,1.487,0.004,0.2697,480337.0,70201.053,1.468,1.489,1.447,1.487
20260317,588120.SH,1.487,1.487,1.492,1.447,1.447,-0.04,-2.69,273781.0,40292.398,1.487,1.492,1.447,1.447
20260318,588120.SH,1.447,1.452,1.484,1.449,1.482,0.035,2.4188,545115.0,79648.663,1.452,1.484,1.449,1.482
20260319,588120.SH,1.482,1.456,1.477,1.45,1.457,-0.025,-1.6869,424687.0,62079.791,1.456,1.477,1.45,1.457
20260320,588120.SH,1.457,1.457,1.489,1.45,1.453,-0.004,-0.2745,562700.6,83010.601,1.457,1.489,1.45,1.453
20260323,588120.SH,1.453,1.426,1.446,1.376,1.394,-0.059,-4.0606,662863.0,94377.258,1.426,1.446,1.376,1.394
20260324,588120.SH,1.394,1.407,1.42,1.367,1.42,0.026,1.8651,523786.0,72746.772,1.407,1.42,1.367,1.42
20260325,588120.SH,1.42,1.424,1.459,1.424,1.442,0.022,1.5493,592944.05,85857.149,1.424,1.459,1.424,1.442
20260326,588120.SH,1.442,1.433,1.456,1.41,1.414,-0.028,-1.9417,408146.63,58265.046,1.433,1.456,1.41,1.414
20260327,588120.SH,1.414,1.386,1.452,1.386,1.441,0.027,1.9095,542048.25,77412.998,1.386,1.452,1.386,1.441
20260330,588120.SH,1.441,1.424,1.441,1.408,1.436,-0.005,-0.347,509321.0,72441.521,1.424,1.441,1.408,1.436
20260331,588120.SH,1.436,1.435,1.441,1.399,1.404,-0.032,-2.2284,367886.0,52227.957,1.435,1.441,1.399,1.404
20260401,588120.SH,1.404,1.434,1.453,1.421,1.447,0.043,3.0627,382437.0,54876.945,1.434,1.453,1.421,1.447
20260402,588120.SH,1.447,1.44,1.451,1.407,1.416,-0.031,-2.1424,525270.0,75042.609,1.44,1.451,1.407,1.416
20260403,588120.SH,1.416,1.416,1.43,1.409,1.416,0.0,0.0,545407.0,77404.697,1.416,1.43,1.409,1.416
20260407,588120.SH,1.416,1.417,1.431,1.409,1.416,0.0,0.0,422241.1,59974.915,1.417,1.431,1.409,1.416
20260408,588120.SH,1.416,1.45,1.5,1.45,1.5,0.084,5.9322,432477.92,63860.672,1.45,1.5,1.45,1.5
20260409,588120.SH,1.5,1.481,1.507,1.478,1.492,-0.008,-0.5333,477152.0,71419.119,1.481,1.507,1.478,1.492
20260410,588120.SH,1.492,1.496,1.528,1.496,1.515,0.023,1.5416,477194.0,72452.727,1.496,1.528,1.496,1.515
20260413,588120.SH,1.515,1.512,1.532,1.501,1.515,0.0,0.0,445321.02,67664.898,1.512,1.532,1.501,1.515
20260414,588120.SH,1.515,1.535,1.551,1.521,1.549,0.034,2.2442,419665.94,64470.141,1.535,1.551,1.521,1.549
20260415,588120.SH,1.549,1.56,1.573,1.541,1.549,0.0,0.0,418268.54,65244.913,1.56,1.573,1.541,1.549
20260416,588120.SH,1.549,1.546,1.577,1.541,1.574,0.025,1.6139,470986.82,73815.993,1.546,1.577,1.541,1.574
20260417,588120.SH,1.574,1.575,1.599,1.568,1.596,0.022,1.3977,518645.31,82268.085,1.575,1.599,1.568,1.596
20260420,588120.SH,1.596,1.62,1.625,1.587,1.601,0.005,0.3133,894452.85,143062.544,1.62,1.625,1.587,1.601
20260421,588120.SH,1.601,1.6,1.617,1.577,1.605,0.004,0.2498,803582.27,127907.961,1.6,1.617,1.577,1.605
20260422,588120.SH,1.605,1.592,1.635,1.592,1.634,0.029,1.8069,743274.0,120482.138,1.592,1.635,1.592,1.634
20260423,588120.SH,1.634,1.63,1.637,1.582,1.6,-0.034,-2.0808,1128822.86,181869.144,1.63,1.637,1.582,1.6
20260424,588120.SH,1.6,1.593,1.622,1.58,1.605,0.005,0.3125,950215.72,152228.389,1.593,1.622,1.58,1.605
20260427,588120.SH,1.605,1.606,1.646,1.595,1.642,0.037,2.3053,769349.0,125073.083,1.606,1.646,1.595,1.642
20260428,588120.SH,1.642,1.642,1.65,1.611,1.619,-0.023,-1.4007,950396.34,155435.597,1.642,1.65,1.611,1.619
20260429,588120.SH,1.619,1.629,1.641,1.593,1.634,0.015,0.9265,885022.61,143287.759,1.629,1.641,1.593,1.634
20260430,588120.SH,1.634,1.628,1.691,1.625,1.683,0.049,2.9988,627568.0,104003.861,1.628,1.691,1.625,1.683
20260506,588120.SH,1.683,1.701,1.749,1.691,1.727,0.044,2.6144,1224002.88,211703.38,1.701,1.749,1.691,1.727
20260507,588120.SH,1.727,1.734,1.772,1.713,1.768,0.041,2.3741,748638.11,130515.787,1.734,1.772,1.713,1.768
20260508,588120.SH,1.768,1.746,1.768,1.74,1.757,-0.011,-0.6222,504784.23,88499.546,1.746,1.768,1.74,1.757
20260511,588120.SH,1.757,1.776,1.828,1.766,1.814,0.057,3.2442,468399.06,84185.451,1.776,1.828,1.766,1.814
20260512,588120.SH,1.814,1.818,1.837,1.799,1.82,0.006,0.3308,566726.76,103055.718,1.818,1.837,1.799,1.82
20260513,588120.SH,1.82,1.805,1.852,1.784,1.851,0.031,1.7033,541808.8,98404.02,1.805,1.852,1.784,1.851
20260514,588120.SH,1.851,1.856,1.868,1.806,1.808,-0.043,-2.3231,306812.5,56341.905,1.856,1.868,1.806,1.808
20260515,588120.SH,1.808,1.804,1.845,1.755,1.797,-0.011,-0.6084,517238.0,92996.585,1.804,1.845,1.755,1.797
20260518,588120.SH,1.797,1.782,1.839,1.781,1.812,0.015,0.8347,588639.51,107138.658,1.782,1.839,1.781,1.812
20260519,588120.SH,1.812,1.818,1.845,1.761,1.842,0.03,1.6556,497222.0,89080.375,1.818,1.845,1.761,1.842
20260520,588120.SH,1.842,1.842,1.904,1.831,1.903,0.061,3.3116,613426.0,114849.209,1.842,1.904,1.831,1.903
20260521,588120.SH,1.903,1.912,1.922,1.796,1.802,-0.101,-5.3074,805300.0,151446.345,1.912,1.922,1.796,1.802
20260522,588120.SH,1.802,1.806,1.847,1.792,1.843,0.041,2.2752,550813.0,100101.155,1.806,1.847,1.792,1.843
20260525,588120.SH,1.843,1.846,1.909,1.835,1.907,0.064,3.4726,527918.0,99025.459,1.846,1.909,1.835,1.907
20260526,588120.SH,1.907,1.898,1.898,1.825,1.867,-0.04,-2.0975,765388.15,141896.953,1.898,1.898,1.825,1.867
20260527,588120.SH,1.867,1.866,1.912,1.829,1.85,-0.017,-0.9106,1356572.94,255199.744,1.866,1.912,1.829,1.85
20260528,588120.SH,1.85,1.849,1.891,1.802,1.887,0.037,2.0,768717.45,142500.967,1.849,1.891,1.802,1.887
20260529,588120.SH,1.887,1.895,1.899,1.786,1.803,-0.084,-4.45,1035059.45,189218.163,1.895,1.899,1.786,1.803
